-- MySQL dump 10.13  Distrib 5.1.73, for redhat-linux-gnu (x86_64)
--
-- Host: rds0167857b7z086fowa.mysql.rds.aliyuncs.com    Database: testyou
-- ------------------------------------------------------
-- Server version	5.6.16-log

/*!40101 SET @OLD_CHARACTER_SET_CLIENT=@@CHARACTER_SET_CLIENT */;
/*!40101 SET @OLD_CHARACTER_SET_RESULTS=@@CHARACTER_SET_RESULTS */;
/*!40101 SET @OLD_COLLATION_CONNECTION=@@COLLATION_CONNECTION */;
/*!40101 SET NAMES utf8 */;
/*!40103 SET @OLD_TIME_ZONE=@@TIME_ZONE */;
/*!40103 SET TIME_ZONE='+00:00' */;
/*!40014 SET @OLD_UNIQUE_CHECKS=@@UNIQUE_CHECKS, UNIQUE_CHECKS=0 */;
/*!40014 SET @OLD_FOREIGN_KEY_CHECKS=@@FOREIGN_KEY_CHECKS, FOREIGN_KEY_CHECKS=0 */;
/*!40101 SET @OLD_SQL_MODE=@@SQL_MODE, SQL_MODE='NO_AUTO_VALUE_ON_ZERO' */;
/*!40111 SET @OLD_SQL_NOTES=@@SQL_NOTES, SQL_NOTES=0 */;

--
-- Table structure for table `admin_preferences`
--

DROP TABLE IF EXISTS `admin_preferences`;
/*!40101 SET @saved_cs_client     = @@character_set_client */;
/*!40101 SET character_set_client = utf8 */;
CREATE TABLE `admin_preferences` (
  `id` tinyint(1) NOT NULL AUTO_INCREMENT,
  `user_panel` tinyint(1) NOT NULL DEFAULT '0',
  `sidebar_form` tinyint(1) NOT NULL DEFAULT '0',
  `messages_menu` tinyint(1) NOT NULL DEFAULT '0',
  `notifications_menu` tinyint(1) NOT NULL DEFAULT '0',
  `tasks_menu` tinyint(1) NOT NULL DEFAULT '0',
  `user_menu` tinyint(1) NOT NULL DEFAULT '1',
  `ctrl_sidebar` tinyint(1) NOT NULL DEFAULT '0',
  `transition_page` tinyint(1) NOT NULL DEFAULT '0',
  PRIMARY KEY (`id`)
) ENGINE=InnoDB AUTO_INCREMENT=2 DEFAULT CHARSET=utf8;
/*!40101 SET character_set_client = @saved_cs_client */;

--
-- Dumping data for table `admin_preferences`
--

LOCK TABLES `admin_preferences` WRITE;
/*!40000 ALTER TABLE `admin_preferences` DISABLE KEYS */;
INSERT INTO `admin_preferences` VALUES (1,0,0,0,0,0,1,0,0);
/*!40000 ALTER TABLE `admin_preferences` ENABLE KEYS */;
UNLOCK TABLES;

--
-- Table structure for table `answer`
--

DROP TABLE IF EXISTS `answer`;
/*!40101 SET @saved_cs_client     = @@character_set_client */;
/*!40101 SET character_set_client = utf8 */;
CREATE TABLE `answer` (
  `id` int(11) NOT NULL AUTO_INCREMENT,
  `question_id` int(11) DEFAULT NULL,
  `label` varchar(45) DEFAULT NULL,
  `answer_text` varchar(45) DEFAULT NULL,
  `answer_img` varchar(45) DEFAULT NULL,
  `score` int(11) DEFAULT NULL,
  `result_id` int(11) DEFAULT NULL,
  `sub_question_id` int(11) DEFAULT NULL,
  `answer_html` tinytext,
  `jump_label` varchar(45) DEFAULT NULL,
  `jump_type` int(11) DEFAULT '0',
  PRIMARY KEY (`id`)
) ENGINE=InnoDB AUTO_INCREMENT=358 DEFAULT CHARSET=utf8;
/*!40101 SET character_set_client = @saved_cs_client */;

--
-- Dumping data for table `answer`
--

LOCK TABLES `answer` WRITE;
/*!40000 ALTER TABLE `answer` DISABLE KEYS */;
INSERT INTO `answer` VALUES (1,2,'a','answer1','result/pic.jpg',10,NULL,4,NULL,'',0),(2,2,'a','answer2',NULL,10,NULL,5,NULL,'',0),(3,2,'a','answer3',NULL,5,NULL,6,NULL,'',0),(4,2,'a','answer4',NULL,15,NULL,6,NULL,'',0),(5,6,'a','answer5',NULL,NULL,NULL,NULL,NULL,'e',0),(6,6,'a','answer1',NULL,NULL,NULL,NULL,NULL,'a',0),(7,3,'a','7a',NULL,NULL,NULL,7,NULL,'a',0),(8,3,'b','7b',NULL,NULL,NULL,7,NULL,'a',0),(9,3,'a','8a',NULL,NULL,NULL,8,NULL,'3',1),(10,3,'b','8b',NULL,NULL,NULL,8,NULL,'5',1),(11,3,'a','9a',NULL,NULL,NULL,9,NULL,'b',0),(12,3,'b','9b',NULL,NULL,NULL,9,NULL,'a',0),(13,3,'a','10a',NULL,NULL,NULL,10,NULL,'b',0),(14,3,'b','10a',NULL,NULL,NULL,10,NULL,'a',0),(15,3,'a','11a',NULL,NULL,NULL,11,NULL,'b',0),(16,3,'b','11b',NULL,NULL,NULL,11,NULL,'a',0),(17,-1,'a','answer1',NULL,NULL,NULL,NULL,NULL,'a',0),(18,-1,'a','今天是好天气',NULL,NULL,NULL,NULL,NULL,'12',0),(19,-1,'b','今天天气很烂',NULL,NULL,NULL,NULL,NULL,'123',0),(20,-1,'a','answer1',NULL,NULL,NULL,NULL,NULL,'a',0),(21,-1,'a','今天是好天气',NULL,NULL,NULL,NULL,NULL,'12',0),(22,-1,'b','今天天气很烂',NULL,NULL,NULL,NULL,NULL,'123',0),(23,-1,'a','answer1',NULL,NULL,NULL,NULL,NULL,'a',0),(24,-1,'a','今天是好天气',NULL,NULL,NULL,NULL,NULL,'12',0),(25,-1,'b','今天天气很烂',NULL,NULL,NULL,NULL,NULL,'123',0),(26,-1,'c','今天天气很烂',NULL,NULL,NULL,NULL,NULL,'123',0),(27,-1,'d','今天天气很烂',NULL,NULL,NULL,NULL,NULL,'123',0),(28,-1,'e','今天天气很烂',NULL,NULL,NULL,NULL,NULL,'123',0),(29,-1,'f','今天天气很烂',NULL,NULL,NULL,NULL,NULL,'123',0),(30,-1,'a','answer1',NULL,NULL,NULL,NULL,NULL,'a',0),(31,-1,'a','今天是好天气',NULL,NULL,NULL,NULL,NULL,'12',0),(32,-1,'b','今天天气很烂',NULL,NULL,NULL,NULL,NULL,'123',0),(33,-1,'c','今天天气很烂',NULL,NULL,NULL,NULL,NULL,'123',0),(34,-1,'d','今天天气很烂',NULL,NULL,NULL,NULL,NULL,'123',0),(35,-1,'e','今天天气很烂',NULL,NULL,NULL,NULL,NULL,'123',0),(36,-1,'f','今天天气很烂',NULL,NULL,NULL,NULL,NULL,'123',0),(37,18,'a','游泳被淹死',NULL,NULL,NULL,19,NULL,NULL,0),(38,18,'b','游泳被淹死',NULL,NULL,NULL,19,NULL,NULL,0),(39,19,'a','你的现实指数55%',NULL,NULL,NULL,20,NULL,'1',0),(40,19,'b','你的现实指数20%',NULL,NULL,NULL,20,NULL,'2',0),(41,19,'a','你的现实指数55%',NULL,NULL,NULL,20,NULL,'1',0),(42,19,'b','你的现实指数20%',NULL,NULL,NULL,20,NULL,'2',0),(43,19,'c','你的现实指数99%',NULL,NULL,NULL,20,NULL,'4',0),(44,23,'a','你猜',NULL,NULL,NULL,24,NULL,'4',0),(45,23,'a','不猜',NULL,NULL,NULL,24,NULL,'4',0),(46,25,'a','你还可以',NULL,NULL,NULL,26,NULL,'3',0),(47,25,'a','你还不错',NULL,NULL,NULL,26,NULL,'2',0),(48,25,'a','结论',NULL,NULL,NULL,27,NULL,'3',0),(49,25,'a','不错',NULL,NULL,NULL,28,NULL,'2',0),(50,30,'a','继续演想办法让自己分心',NULL,NULL,NULL,31,NULL,'1',0),(51,30,'b','自己喊“卡”，暂停',NULL,NULL,NULL,31,NULL,'2',0),(52,30,'c','维持现状继续演',NULL,NULL,NULL,31,NULL,'4',0),(53,-1,'a','answer1',NULL,NULL,NULL,NULL,NULL,'a',0),(54,-1,'a','你多久和朋友聚一下呢',NULL,NULL,NULL,NULL,NULL,'',0),(55,-1,'b','当你失败的时候，你第一反应是自己的精力都白耗费了？',NULL,NULL,NULL,NULL,NULL,'',0),(56,-1,'c','',NULL,NULL,NULL,NULL,NULL,'',0),(57,36,'a','对的',NULL,NULL,NULL,38,NULL,'1',0),(58,36,'b','错的',NULL,NULL,NULL,38,NULL,'2',0),(59,39,'a','我勒个去',NULL,NULL,NULL,40,NULL,'2',0),(60,39,'b','个去',NULL,NULL,NULL,40,NULL,'2',0),(62,39,'c','个去',NULL,NULL,NULL,40,NULL,'3',0),(63,41,'a','168',NULL,5,NULL,42,NULL,NULL,0),(64,41,'a','168',NULL,5,NULL,42,NULL,NULL,0),(65,41,'b','170',NULL,20,NULL,42,NULL,NULL,0),(66,41,'a','168',NULL,5,NULL,42,NULL,NULL,0),(67,41,'b','170',NULL,20,NULL,42,NULL,NULL,0),(68,41,'c','180',NULL,30,NULL,42,NULL,NULL,0),(69,41,'a','120',NULL,12,NULL,43,NULL,NULL,0),(70,41,'a','120',NULL,12,NULL,43,NULL,NULL,0),(71,41,'b','140',NULL,20,NULL,43,NULL,NULL,0),(72,44,'a','好',NULL,NULL,NULL,45,NULL,'1',0),(73,44,'b','不好',NULL,NULL,NULL,45,NULL,'3',0),(74,44,'c','不知道',NULL,NULL,NULL,45,NULL,'2',0),(75,44,'d','啥？',NULL,NULL,NULL,45,NULL,'2',0),(76,44,'e','',NULL,NULL,NULL,45,NULL,'1',0),(77,44,'a','三打白骨精',NULL,NULL,NULL,46,NULL,'',1),(78,47,'a','厉害',NULL,NULL,NULL,48,NULL,'1',0),(79,47,'a','厉害',NULL,NULL,NULL,48,NULL,'1',0),(80,47,'b','很厉害',NULL,NULL,NULL,48,NULL,'2',0),(81,47,'a','厉害',NULL,NULL,NULL,48,NULL,'1',0),(82,47,'b','很厉害',NULL,NULL,NULL,48,NULL,'2',0),(83,47,'c','一般',NULL,NULL,NULL,48,NULL,'3',0),(84,47,'a','厉害',NULL,NULL,NULL,48,NULL,'1',0),(85,47,'b','很厉害',NULL,NULL,NULL,48,NULL,'2',0),(86,47,'c','一般',NULL,NULL,NULL,48,NULL,'3',0),(87,47,'d','很差',NULL,NULL,NULL,48,NULL,'4',0),(88,47,'a','厉害',NULL,NULL,NULL,48,NULL,'1',0),(89,47,'b','很厉害',NULL,NULL,NULL,48,NULL,'2',0),(90,47,'c','一般',NULL,NULL,NULL,48,NULL,'3',0),(91,47,'d','很差',NULL,NULL,NULL,48,NULL,'4',0),(92,47,'a','1',NULL,NULL,NULL,49,NULL,'1',0),(93,47,'a','1',NULL,NULL,NULL,49,NULL,'1',0),(94,47,'b','2',NULL,NULL,NULL,49,NULL,'1',0),(95,47,'a','1',NULL,NULL,NULL,49,NULL,'1',0),(96,47,'b','2',NULL,NULL,NULL,49,NULL,'2',0),(97,47,'a','1',NULL,NULL,NULL,49,NULL,'1',0),(98,47,'b','2',NULL,NULL,NULL,49,NULL,'2',0),(99,47,'c','3',NULL,NULL,NULL,49,NULL,'3',0),(100,47,'a','1',NULL,NULL,NULL,49,NULL,'1',0),(101,47,'b','2',NULL,NULL,NULL,49,NULL,'2',0),(102,47,'c','3',NULL,NULL,NULL,49,NULL,'3',0),(103,47,'d','4',NULL,NULL,NULL,49,NULL,'4',0),(104,51,'a','好的',NULL,NULL,NULL,52,NULL,'1',0),(105,51,'b','好的2',NULL,NULL,NULL,52,NULL,'2',0),(106,51,'a','a',NULL,NULL,NULL,53,NULL,'1',0),(107,51,'b','b',NULL,NULL,NULL,53,NULL,'2',0),(119,59,'a','a',NULL,NULL,NULL,60,NULL,'1',0),(120,59,'a','a',NULL,NULL,NULL,60,NULL,'1',0),(121,59,'b','b',NULL,NULL,NULL,60,NULL,'1',0),(131,50,'a','是',NULL,NULL,NULL,62,NULL,'1',0),(132,50,'b','不是',NULL,NULL,NULL,62,NULL,'1',0),(133,50,'a','是',NULL,NULL,NULL,64,NULL,'4',0),(134,50,'b','不是',NULL,NULL,NULL,64,NULL,'1',0),(135,50,'a','是',NULL,NULL,NULL,65,NULL,'5',0),(136,50,'b','不是',NULL,NULL,NULL,65,NULL,'1',0),(137,54,'a','豁出去选一条',NULL,30,NULL,63,NULL,NULL,0),(138,50,'a','是',NULL,NULL,NULL,66,NULL,'7',0),(139,50,'b','不是',NULL,NULL,NULL,66,NULL,'1',0),(141,54,'b','向人求助看能否得到些建设性的意见',NULL,20,NULL,63,NULL,NULL,0),(144,54,'c','好好想想',NULL,10,NULL,63,NULL,NULL,0),(145,50,'a','是',NULL,NULL,NULL,67,NULL,'1',0),(146,50,'b','不是',NULL,NULL,NULL,67,NULL,'1',0),(150,50,'a','是',NULL,NULL,NULL,68,NULL,'5',0),(151,50,'b','不是',NULL,NULL,NULL,68,NULL,'1',0),(152,50,'a','是',NULL,NULL,NULL,69,NULL,'1',0),(153,50,'b','不是',NULL,NULL,NULL,69,NULL,'1',0),(154,50,'a','是',NULL,NULL,NULL,70,NULL,'1',0),(155,50,'b','不是',NULL,NULL,NULL,70,NULL,'1',0),(156,50,'a','是',NULL,NULL,NULL,71,NULL,'1',0),(157,50,'b','不是',NULL,NULL,NULL,71,NULL,'1',0),(158,50,'a','是',NULL,NULL,NULL,72,NULL,'1',0),(159,50,'b','不是',NULL,NULL,NULL,72,NULL,'1',0),(160,50,'a','是',NULL,NULL,NULL,73,NULL,'1',0),(161,50,'b','不是',NULL,NULL,NULL,73,NULL,'1',0),(162,50,'a','是',NULL,NULL,NULL,74,NULL,'1',0),(163,50,'b','不是',NULL,NULL,NULL,74,NULL,'1',0),(164,50,'a','是',NULL,NULL,NULL,75,NULL,'6',0),(165,50,'b','不是',NULL,NULL,NULL,75,NULL,'1',0),(166,54,'d','一条也不选',NULL,8,NULL,63,NULL,NULL,0),(167,50,'a','是',NULL,NULL,NULL,76,NULL,'5',0),(168,50,'b','不是',NULL,NULL,NULL,76,NULL,'1',0),(169,50,'a','是',NULL,NULL,NULL,77,NULL,'8',0),(170,50,'b','不是',NULL,NULL,NULL,77,NULL,'1',0),(171,50,'a','是',NULL,NULL,NULL,78,NULL,'1',0),(172,50,'b','不是',NULL,NULL,NULL,78,NULL,'1',0),(173,50,'a','是',NULL,NULL,NULL,79,NULL,'8',0),(174,50,'b','不是',NULL,NULL,NULL,79,NULL,'1',0),(175,50,'a','是',NULL,NULL,NULL,80,NULL,'1',0),(176,50,'b','不是',NULL,NULL,NULL,80,NULL,'1',0),(177,50,'a','是',NULL,NULL,NULL,81,NULL,'7',0),(178,50,'b','不是',NULL,NULL,NULL,81,NULL,'1',0),(179,50,'a','是',NULL,NULL,NULL,82,NULL,'4',0),(180,50,'b','不是',NULL,NULL,NULL,82,NULL,'1',0),(181,50,'a','是',NULL,NULL,NULL,83,NULL,'1',0),(182,50,'b','不是',NULL,NULL,NULL,83,NULL,'1',0),(183,50,'a','是的',NULL,NULL,NULL,84,NULL,'2',0),(184,50,'b','不是',NULL,NULL,NULL,84,NULL,'1',0),(185,50,'a','是的',NULL,NULL,NULL,85,NULL,'1',0),(186,50,'b','不是',NULL,NULL,NULL,85,NULL,'1',0),(187,50,'a','是的',NULL,NULL,NULL,91,NULL,'5',0),(188,50,'b','不是',NULL,NULL,NULL,91,NULL,'1',0),(189,50,'a','是的',NULL,NULL,NULL,87,NULL,'1',0),(190,50,'b','不是',NULL,NULL,NULL,87,NULL,'3',0),(195,50,'a','是的',NULL,NULL,NULL,90,NULL,'1',0),(196,50,'b','不是',NULL,NULL,NULL,90,NULL,'1',0),(205,92,'a','水彩画或油画',NULL,NULL,NULL,93,NULL,'1',0),(206,92,'b','铅笔素描画',NULL,NULL,NULL,93,NULL,'1',0),(209,92,'c','俏皮逗趣的漫画',NULL,NULL,NULL,93,NULL,'3',0),(210,92,'d','毛笔水墨画',NULL,NULL,NULL,93,NULL,'1',0),(211,50,'a','是的',NULL,NULL,NULL,55,NULL,'5',1),(212,50,'b','不是',NULL,NULL,NULL,55,NULL,'23',1),(213,50,'a','是的',NULL,NULL,NULL,56,NULL,'29',1),(214,50,'b','不是',NULL,NULL,NULL,56,NULL,'32',1),(215,50,'a','是的',NULL,NULL,NULL,57,NULL,'2',0),(216,50,'b','不是',NULL,NULL,NULL,57,NULL,'25',1),(217,50,'a','是的',NULL,NULL,NULL,58,NULL,'8',0),(218,50,'b','不是',NULL,NULL,NULL,58,NULL,'24',1),(219,50,'a','是的',NULL,NULL,NULL,61,NULL,'7',0),(220,50,'b','不是',NULL,NULL,NULL,61,NULL,'14',1),(221,50,'a','是',NULL,NULL,NULL,89,NULL,'7',0),(222,50,'b','不是',NULL,NULL,NULL,89,NULL,'26',1),(223,50,'a','是的',NULL,NULL,NULL,88,NULL,'7',1),(224,50,'b','不是',NULL,NULL,NULL,88,NULL,'4',0),(225,50,'a','是的',NULL,NULL,NULL,86,NULL,'3',1),(226,50,'b','不是',NULL,NULL,NULL,86,NULL,'7',0),(227,94,'a','橙子味',NULL,NULL,NULL,95,NULL,'1',0),(228,94,'b','芒果味',NULL,NULL,NULL,95,NULL,'2',0),(229,94,'c','苹果味',NULL,NULL,NULL,95,NULL,'3',0),(230,94,'d','草莓味',NULL,NULL,NULL,95,NULL,'4',0),(231,96,'a','没有',NULL,NULL,NULL,97,NULL,'4',0),(232,96,'b','有的',NULL,NULL,NULL,97,NULL,'5',1),(233,96,'a','读过部分，没读完',NULL,NULL,NULL,98,NULL,'1',0),(234,96,'b','没读过',NULL,NULL,NULL,98,NULL,'3',0),(235,96,'c','仔细读了一遍',NULL,NULL,NULL,98,NULL,'1',0),(236,96,'a','不听',NULL,NULL,NULL,99,NULL,'2',0),(237,96,'b','喜欢听',NULL,NULL,NULL,99,NULL,'1',0),(238,96,'a','纸和笔',NULL,NULL,NULL,100,NULL,'1',1),(239,96,'b','Axure  RP',NULL,NULL,NULL,100,NULL,'1',1),(240,96,'c','原型图是？',NULL,NULL,NULL,100,NULL,'4',0),(241,101,'a','a',NULL,NULL,NULL,104,NULL,'2',1),(242,101,'a','3',NULL,NULL,NULL,105,NULL,'3',0),(243,101,'b','2',NULL,NULL,NULL,105,NULL,'2',0),(244,101,'c','c',NULL,NULL,NULL,105,NULL,'1',0),(245,96,'a','读过部分，没看完',NULL,NULL,NULL,106,NULL,'4',1),(246,96,'b','完整读过',NULL,NULL,NULL,106,NULL,'1',0),(247,96,'c','没读过',NULL,NULL,NULL,106,NULL,'3',0),(248,96,'a','喜欢',NULL,NULL,NULL,107,NULL,'1',0),(249,96,'b','不喜欢',NULL,NULL,NULL,107,NULL,'2',0),(250,96,'a','没有',NULL,NULL,NULL,108,NULL,'5',0),(251,96,'b','去过',NULL,NULL,NULL,108,NULL,'3',1),(252,96,'a','纸和笔',NULL,NULL,NULL,109,NULL,'2',1),(253,96,'b','Axure RP',NULL,NULL,NULL,109,NULL,'2',1),(254,96,'c','Sketch',NULL,NULL,NULL,109,NULL,'2',1),(255,96,'d','Keynote',NULL,NULL,NULL,109,NULL,'2',1),(256,96,'e','你说啥？',NULL,NULL,NULL,109,NULL,'4',0),(257,96,'f','其他工具',NULL,NULL,NULL,109,NULL,'4',1),(258,110,'a','iPhone3456',NULL,NULL,NULL,111,NULL,'4',1),(259,110,'b','没有Mac何谈果粉',NULL,NULL,NULL,111,NULL,'2',1),(260,110,'a','双系统，不得已',NULL,NULL,NULL,112,NULL,'1',0),(261,110,'b','Window多好用',NULL,NULL,NULL,112,NULL,'2',0),(262,110,'a','这个同步逻辑把我搞死了',NULL,NULL,NULL,113,NULL,'1',0),(263,110,'b','这是啥？',NULL,NULL,NULL,113,NULL,'2',0),(264,110,'c','我去年还买了个表',NULL,NULL,NULL,111,NULL,'3',1),(265,110,'d','从Shuffle到touch和iPod..',NULL,NULL,NULL,111,NULL,'3',1),(266,110,'e','全家都爱iPad',NULL,NULL,NULL,111,NULL,'2',0),(267,110,'c','OSX坚持到底',NULL,NULL,NULL,112,NULL,'1',0),(268,110,'a','安分守己从不越狱',NULL,NULL,NULL,114,NULL,'1',0),(269,110,'b','不越狱怎么使？凭什么花钱买APP',NULL,NULL,NULL,114,NULL,'2',0),(270,115,'a','1989年前',NULL,20,NULL,116,NULL,NULL,0),(271,115,'b','1998年前',NULL,15,NULL,116,NULL,NULL,0),(272,115,'c','2001年前',NULL,10,NULL,116,NULL,NULL,0),(273,115,'d','2012年前',NULL,5,NULL,116,NULL,NULL,0),(274,115,'e','2012年之后或没买过',NULL,0,NULL,116,NULL,NULL,0),(275,115,'a','可以',NULL,5,NULL,117,NULL,NULL,0),(276,115,'b','不可以',NULL,0,NULL,117,NULL,NULL,0),(277,115,'a','可以',NULL,5,NULL,118,NULL,NULL,0),(278,115,'b','不可以',NULL,0,NULL,118,NULL,NULL,0),(279,115,'a','1',NULL,5,NULL,119,NULL,NULL,0),(280,115,'b','2',NULL,10,NULL,119,NULL,NULL,0),(281,115,'c','3',NULL,15,NULL,119,NULL,NULL,0),(282,115,'d','4',NULL,20,NULL,119,NULL,NULL,0),(283,115,'e','5',NULL,25,NULL,119,NULL,NULL,0),(284,115,'f','6',NULL,30,NULL,119,NULL,NULL,0),(285,115,'a','有',NULL,50,NULL,120,NULL,NULL,0),(286,115,'b','没有',NULL,0,NULL,120,NULL,NULL,0),(287,115,'a','去过',NULL,50,NULL,121,NULL,NULL,0),(288,115,'b','没去过',NULL,0,NULL,121,NULL,NULL,0),(289,115,'a','有过',NULL,30,NULL,122,NULL,NULL,0),(290,115,'b','没有过',NULL,0,NULL,122,NULL,NULL,0),(291,115,'a','有',NULL,30,NULL,123,NULL,NULL,0),(292,115,'b','没有',NULL,0,NULL,123,NULL,NULL,0),(293,115,'a','有',NULL,20,NULL,124,NULL,NULL,0),(294,115,'b','没有',NULL,0,NULL,124,NULL,NULL,0),(295,115,'a','白天排1天',NULL,10,NULL,125,NULL,NULL,0),(296,115,'b','熬夜排队',NULL,20,NULL,125,NULL,NULL,0),(297,115,'c','排队一周',NULL,100,NULL,125,NULL,NULL,0),(298,115,'a','刷爆信用卡',NULL,5,NULL,126,NULL,NULL,0),(299,115,'b','卖肾',NULL,100,NULL,126,NULL,NULL,0),(300,115,'d','没有排过',NULL,0,NULL,125,NULL,NULL,0),(301,115,'c','不着急抢着买',NULL,0,NULL,126,NULL,NULL,0),(302,127,'a','是啊，我有一点这样的倾向',NULL,NULL,NULL,128,NULL,'2',1),(303,127,'b','还好，我不喜欢说人是非的',NULL,NULL,NULL,128,NULL,'3',1),(304,127,'a','我每次计划逛街后还要干嘛干嘛，结果每次都取消了',NULL,NULL,NULL,129,NULL,'4',1),(305,127,'b','蛮快的，走一圈不知道要买什么，干脆就回家了',NULL,NULL,NULL,129,NULL,'5',1),(306,127,'a','蛮关心的，朋友说什么我马上就知道',NULL,NULL,NULL,130,NULL,'6',1),(307,127,'b','比较少，感觉跟朋友聊天时我好落后',NULL,NULL,NULL,130,NULL,'7',1),(308,127,'a','会啊，头发是一个人的门面，当然要弄好看一点',NULL,NULL,NULL,131,NULL,'8',1),(309,127,'b','比较少，我通常都是自己打点整理',NULL,NULL,NULL,131,NULL,'9',1),(310,127,'a','干脆坐出租车算了（长程就搭飞机）',NULL,NULL,NULL,132,NULL,'9',1),(311,127,'b','没关系，忍耐一下，几个钟头很快就过了',NULL,NULL,NULL,132,NULL,'10',1),(312,127,'a','管他的，船到桥头自然直，该是我的就一定跑不掉',NULL,NULL,NULL,133,NULL,'10',1),(313,127,'b','利用网络或是提早购买预售票',NULL,NULL,NULL,133,NULL,'11',1),(314,127,'a','会，已经没用的东西放在家里也是占位置',NULL,NULL,NULL,134,NULL,'12',1),(315,127,'b','不会，都是钱买的，怎么能说丢就丢',NULL,NULL,NULL,134,NULL,'13',1),(316,127,'a','当然品牌口碑好的车子优先，贵一点没关系',NULL,NULL,NULL,135,NULL,'1',0),(317,127,'b','当然是质量实用最优先，价钱当然也不能太高',NULL,NULL,NULL,135,NULL,'9',1),(318,127,'a','当然是盛装打扮，给TA留下最美好的印象',NULL,NULL,NULL,136,NULL,'2',0),(319,127,'b','不会那样刻意装扮，自然的我最美丽',NULL,NULL,NULL,136,NULL,'14',1),(320,127,'a','当然会，而且付诸行动，不达目的誓不罢休',NULL,NULL,NULL,137,NULL,'14',1),(321,127,'b','当然会，只是摸摸荷包，很快就会打退堂鼓',NULL,NULL,NULL,137,NULL,'3',0),(322,127,'a','我感觉到那个主持人应该没有骗我',NULL,NULL,NULL,138,NULL,'2',0),(323,127,'b','既然都是假的，那干脆眼不见为净，直接转台',NULL,NULL,NULL,138,NULL,'15',1),(324,127,'a','边骑、开车边接电话，速度慢一点即可',NULL,NULL,NULL,139,NULL,'3',0),(325,127,'b','慢慢停到路边，专心讲完电话再上路',NULL,NULL,NULL,139,NULL,'15',1),(326,127,'a','会把该丢的都丢掉，免得搬过去还占空间',NULL,NULL,NULL,140,NULL,'15',1),(327,127,'b','都是钱买的，实在是狠不下心来丢',NULL,NULL,NULL,140,NULL,'4',0),(328,127,'a','当然是买三件比较划算',NULL,NULL,NULL,141,NULL,'1',0),(329,127,'b','用不到那么多，一件就好',NULL,NULL,NULL,141,NULL,'2',0),(330,127,'a','过季也有不错的东西，搭配购买比较划算',NULL,NULL,NULL,142,NULL,'3',0),(331,127,'b','我只买我想要的，你是诱惑不了我的',NULL,NULL,NULL,142,NULL,'4',0),(332,143,'a','会',NULL,NULL,NULL,144,NULL,'2',1),(333,143,'b','不会',NULL,NULL,NULL,144,NULL,'3',1),(334,143,'a','是的',NULL,NULL,NULL,145,NULL,'3',1),(335,143,'b','不是',NULL,NULL,NULL,145,NULL,'4',1),(336,143,'a','方形',NULL,NULL,NULL,146,NULL,'4',1),(337,143,'b','圆形',NULL,NULL,NULL,146,NULL,'6',1),(338,143,'c','心形',NULL,NULL,NULL,146,NULL,'5',1),(339,143,'a','是的',NULL,NULL,NULL,147,NULL,'6',1),(340,143,'b','不是',NULL,NULL,NULL,147,NULL,'5',1),(341,143,'a','是的',NULL,NULL,NULL,148,NULL,'7',1),(342,143,'b','不是',NULL,NULL,NULL,148,NULL,'6',1),(343,143,'a','是的',NULL,NULL,NULL,149,NULL,'8',1),(344,143,'b','不是',NULL,NULL,NULL,149,NULL,'7',1),(345,143,'a','英勇反抗',NULL,NULL,NULL,150,NULL,'10',1),(346,143,'b','大声呼救',NULL,NULL,NULL,150,NULL,'8',1),(347,143,'c','赶紧走开',NULL,NULL,NULL,150,NULL,'9',1),(348,143,'a','是的',NULL,NULL,NULL,151,NULL,'9',1),(349,143,'b','不是的',NULL,NULL,NULL,151,NULL,'10',1),(350,143,'a','是的',NULL,NULL,NULL,152,NULL,'4',0),(351,143,'b','不是的',NULL,NULL,NULL,152,NULL,'10',1),(352,143,'a','动作鲁莽无礼的大老粗',NULL,NULL,NULL,153,NULL,'3',0),(353,143,'b','透析人心的天才科学家',NULL,NULL,NULL,153,NULL,'2',0),(354,143,'c','整天神秘无踪的闷油瓶',NULL,NULL,NULL,153,NULL,'1',0),(355,154,'a','会的',NULL,NULL,NULL,155,NULL,'1',1),(356,154,'b','不会',NULL,NULL,NULL,155,NULL,'1',1),(357,154,'c','常听',NULL,NULL,NULL,155,NULL,'1',1);
/*!40000 ALTER TABLE `answer` ENABLE KEYS */;
UNLOCK TABLES;

--
-- Table structure for table `groups`
--

DROP TABLE IF EXISTS `groups`;
/*!40101 SET @saved_cs_client     = @@character_set_client */;
/*!40101 SET character_set_client = utf8 */;
CREATE TABLE `groups` (
  `id` mediumint(8) unsigned NOT NULL AUTO_INCREMENT,
  `name` varchar(20) NOT NULL,
  `description` varchar(100) NOT NULL,
  `bgcolor` char(7) NOT NULL DEFAULT '#607D8B',
  PRIMARY KEY (`id`)
) ENGINE=InnoDB AUTO_INCREMENT=3 DEFAULT CHARSET=utf8;
/*!40101 SET character_set_client = @saved_cs_client */;

--
-- Dumping data for table `groups`
--

LOCK TABLES `groups` WRITE;
/*!40000 ALTER TABLE `groups` DISABLE KEYS */;
INSERT INTO `groups` VALUES (1,'admin','Administrator','#F44336'),(2,'members','General User','#2196F3');
/*!40000 ALTER TABLE `groups` ENABLE KEYS */;
UNLOCK TABLES;

--
-- Table structure for table `login_attempts`
--

DROP TABLE IF EXISTS `login_attempts`;
/*!40101 SET @saved_cs_client     = @@character_set_client */;
/*!40101 SET character_set_client = utf8 */;
CREATE TABLE `login_attempts` (
  `id` int(11) unsigned NOT NULL AUTO_INCREMENT,
  `ip_address` varchar(15) NOT NULL,
  `login` varchar(100) NOT NULL,
  `time` int(11) unsigned DEFAULT NULL,
  PRIMARY KEY (`id`)
) ENGINE=InnoDB DEFAULT CHARSET=utf8;
/*!40101 SET character_set_client = @saved_cs_client */;

--
-- Dumping data for table `login_attempts`
--

LOCK TABLES `login_attempts` WRITE;
/*!40000 ALTER TABLE `login_attempts` DISABLE KEYS */;
/*!40000 ALTER TABLE `login_attempts` ENABLE KEYS */;
UNLOCK TABLES;

--
-- Table structure for table `meta`
--

DROP TABLE IF EXISTS `meta`;
/*!40101 SET @saved_cs_client     = @@character_set_client */;
/*!40101 SET character_set_client = utf8 */;
CREATE TABLE `meta` (
  `id` int(11) NOT NULL AUTO_INCREMENT,
  `seo_title` varchar(255) DEFAULT NULL,
  `seo_description` tinytext,
  `seo_keywords` varchar(1024) DEFAULT NULL,
  PRIMARY KEY (`id`)
) ENGINE=InnoDB AUTO_INCREMENT=58 DEFAULT CHARSET=utf8;
/*!40101 SET character_set_client = @saved_cs_client */;

--
-- Dumping data for table `meta`
--

LOCK TABLES `meta` WRITE;
/*!40000 ALTER TABLE `meta` DISABLE KEYS */;
INSERT INTO `meta` VALUES (1,'1','1',''),(2,'dfasfas','',''),(3,'dfasfas','<p>fdsfdsf</p>',''),(4,'222','4444','333'),(5,'a','c','b'),(6,'daa222','<p>fdsfasdf333111</p>',NULL),(7,'a','c','b'),(8,'a','c','b'),(9,'aa','cc','bb'),(10,'来一发','<p>来一发吧。。</p>',''),(11,'来一发2','<p>来一发吧。。3</p>',''),(12,'来一发3','<p>来一发4<span style=\"text-decoration:underline;\"></span></p>',''),(13,'来一发3','<p>来一发4<span style=\"text-decoration:underline;\"></span></p>',''),(14,'来一发5','<p>来一发6<span style=\"text-decoration:underline;\"></span></p>',''),(15,'daa','<p>fdsfasdf</p>',''),(16,'daa222','<p>fdsfasdf333</p>',''),(17,'daa222','<p>fdsfasdf333111</p>',''),(18,'添加','<p>简介</p>',NULL),(19,'真心的','<p>好的。。。人关心什么？</p>',''),(20,'冒险','<p>真的好么？</p>',''),(21,'不一样的体验','<p>就是这样的。</p>',NULL),(22,'你爱他么？','<p>关你什么事。。。 这表明你们的关系还没好到问这个问题的时候。</p>',''),(23,'添加完进入编辑','<p>添加完进入编辑</p>',NULL),(24,'添加完进入编辑','<p>添加完进入编辑</p>',''),(25,'你需要测试下','你需要测试下',NULL),(26,'我知道你是谁了','<p>真的知道了么</p>',''),(27,'测试发个新的测试','测试发个新的测试',''),(28,'测试你到底有多现实？','测试你到底有多现实？',''),(29,'测试你到底有多现实？','测试你到底有多现实？',''),(30,'这是测试问题，你测试吗？','这是测试问题，你测试吗？',''),(31,'测试你到底有多现实？',NULL,''),(32,'测试，测试，测试问题','这是测试问题，测试问题',''),(33,'测你职场天赋有多高？',NULL,NULL),(34,'你有感情洁癖吗？','‍‍‍‍‍‍‍‍‍‍‍‍‍‍‍‍‍‍‍‍‍‍‍‍‍‍‍‍‍‍‍‍‍‍‍‍‍‍俗话说得好,君子坦荡荡,小人常戚戚。将军头上能跑马,宰相肚里能撑船。忍一时,风平浪静,退一步,海阔天空',NULL),(35,'你有感情洁癖么？','情人眼里容不下一粒沙，越纯粹让人觉得越美。进入你的潜意识测验一下，你面对感情的时候，到底有多洁癖呢？',NULL),(36,'测你职场天赋有多高？',NULL,''),(37,'测你职场天赋有多高？',NULL,''),(38,'测测你的心究竟有多开阔？','‍‍‍‍‍‍‍‍俗话说得好,君子坦荡荡,小人常戚戚。将军头上能跑马,宰相肚里能撑船。忍一时,风平浪静,退一步,海阔天空。亲爱的朋友们,做一个心胸开阔的人吧,必能忍人所不能忍,方能为人',''),(39,'你和《鬼吹灯》（寻龙诀）里的谁最有缘？','如果穿越进入《鬼吹灯》（寻龙诀）的世界里，你会遇上谁呢？',NULL),(40,'你的撒谎水平有多高？','你觉得你会撒谎吗？你的撒谎水平有多高？人们可以通过观察一个人的面部、身体、声音及其言谈来知晓事情的真相，帮助他们做出判断，想知道大家能否一眼就看透你在撒谎吗？你的撒谎功力',''),(41,'你内心的赌性有多大？','很多人身上都是带有赌性的，尽管这个人并不一定非得是个好赌之徒。赌性在某种程度上说，是血性的一种表现方式。当人们体味过了人生的艰难和辛苦之后，与其坐以待毙，为什么不爽快地赌',''),(42,'多选题','这是一个多选题',''),(43,'跳转题','跳转到哪里',''),(44,'测测你的心机等级有多高？','‍‍‍‍‍‍在这个物是人非的社会上，心机是必然存在的。没有一点心机的人，是不存在的。有心机不一定是坏事，如果你没有分辨是非的能力，你早就被人暗算了。那么，你的心机是什么等',''),(45,'你是金庸笔下的谁？','金庸笔下的人物都个性鲜明，如果让你置身于他所描述的武侠世界，你最可能成为谁呢？',''),(46,'来吧','好的。。',''),(47,'你具有哪种花样性格？ ','‍‍‍‍‍‍‍‍‍‍‍‍‍‍‍‍‍‍‍‍‍‍‍‍‍‍‍‍‍‍‍‍‍‍‍‍‍‍‍‍看到花，你定会想起女人。女人的精灵气质，唯有花的香艳能与之媲美。一百种花有一百种花语，你具',''),(48,'真的好么','工在',''),(49,'从自画像看你的潜在性格','你潜意识里希望自己是什么样子的?一副自画像，能够揭示你的性格潜力~赶快和小编一起走进情景里，看看你的性格潜力吧!',''),(50,'你的性格属于哪种糖？','人的一生就像公交车，到站了有人会上车与你相遇，也会有人下车与你道别。在车厢内我们会遇到各式各样的人，你就像一颗简简单单的糖果，那么，你的性格属于哪种糖呢？',''),(51,'你能通过微信张小龙的面试么？','',''),(52,'再来一票','试下喽',''),(53,'测试你是不是真果粉','',''),(54,'测试下你是什么级别的果粉','什么是果粉？果粉是指对苹果推出产品非常痴迷，无论苹果发布什么，果粉们都会第一时间购买。果粉们认为iPhone、Mac系统要远超Android和Windows系统。当然，果粉也是有级别的，有些是是轻度果',''),(55,'你的败家指数有多少？','',''),(56,'哪些人跟你合不来？','',''),(57,'2016你的艳遇指数','众里寻他千百度，蓦然回首，那人却在灯火阑珊处。基本上很多人都有对艳遇的渴望的，尤其是一些单身的人，也期待有一场艳遇。那么在2016年里，你的艳遇指数会有多少？','');
/*!40000 ALTER TABLE `meta` ENABLE KEYS */;
UNLOCK TABLES;

--
-- Table structure for table `public_preferences`
--

DROP TABLE IF EXISTS `public_preferences`;
/*!40101 SET @saved_cs_client     = @@character_set_client */;
/*!40101 SET character_set_client = utf8 */;
CREATE TABLE `public_preferences` (
  `id` int(1) NOT NULL AUTO_INCREMENT,
  `transition_page` tinyint(1) NOT NULL DEFAULT '0',
  PRIMARY KEY (`id`)
) ENGINE=InnoDB AUTO_INCREMENT=2 DEFAULT CHARSET=utf8;
/*!40101 SET character_set_client = @saved_cs_client */;

--
-- Dumping data for table `public_preferences`
--

LOCK TABLES `public_preferences` WRITE;
/*!40000 ALTER TABLE `public_preferences` DISABLE KEYS */;
INSERT INTO `public_preferences` VALUES (1,0);
/*!40000 ALTER TABLE `public_preferences` ENABLE KEYS */;
UNLOCK TABLES;

--
-- Table structure for table `question`
--

DROP TABLE IF EXISTS `question`;
/*!40101 SET @saved_cs_client     = @@character_set_client */;
/*!40101 SET character_set_client = utf8 */;
CREATE TABLE `question` (
  `id` int(11) NOT NULL AUTO_INCREMENT,
  `pid` int(11) DEFAULT '0',
  `title` varchar(45) DEFAULT NULL,
  `description` longtext,
  `img` varchar(45) DEFAULT NULL,
  `next_id` int(11) DEFAULT NULL COMMENT '下一个问题\n',
  `pre_id` int(11) DEFAULT NULL COMMENT '上一个问题\n',
  `meta_id` int(11) DEFAULT NULL,
  `question_type` int(11) DEFAULT '1',
  `question_category_id` varchar(45) DEFAULT '1',
  `create_time` datetime DEFAULT CURRENT_TIMESTAMP,
  `publish_status` int(11) DEFAULT '0',
  `visit_count` int(11) DEFAULT '1',
  `label` int(11) DEFAULT NULL,
  `is_recommend` int(11) DEFAULT '0',
  `update_time` datetime DEFAULT CURRENT_TIMESTAMP,
  PRIMARY KEY (`id`)
) ENGINE=InnoDB AUTO_INCREMENT=157 DEFAULT CHARSET=utf8;
/*!40101 SET character_set_client = @saved_cs_client */;

--
-- Dumping data for table `question`
--

LOCK TABLES `question` WRITE;
/*!40000 ALTER TABLE `question` DISABLE KEYS */;
INSERT INTO `question` VALUES (2,0,'来一发','<p>来一发吧。。</p>','question/img.jpg',NULL,NULL,10,2,'3','2016-01-15 11:25:22',0,20,NULL,1,'2016-02-03 12:47:48'),(3,0,'来一发2','<p>来一发吧。。3</p>','question/img.jpg',NULL,NULL,11,3,'3','2016-01-15 11:32:03',0,6,NULL,0,'2016-01-31 03:30:05'),(4,2,'daa','<p>fdsfasdf</p>','question/img.jpg',NULL,NULL,15,1,'3','2016-01-15 11:32:34',0,1,1,0,'2016-01-16 20:54:07'),(5,2,'daa222','<p>fdsfasdf333</p>','question/img.jpg',NULL,NULL,16,1,'3','2016-01-15 11:32:39',0,1,2,0,'2016-01-16 20:54:07'),(6,2,'daa222','<p>fdsfasdf333111</p>','question/img.jpg',NULL,NULL,17,1,'1','2016-01-15 11:32:47',0,1,3,0,'2016-01-16 20:54:07'),(7,3,'添加','<p>简介</p>','question/img.jpg',NULL,NULL,18,1,'1','2016-01-15 11:32:58',0,1,1,0,'2016-01-16 20:54:07'),(8,3,'真心的','<p>好的。。。人关心什么？</p>','question/img.jpg',NULL,NULL,19,1,'1','2016-01-15 11:33:18',0,1,2,0,'2016-01-16 20:54:07'),(9,3,'冒险','<p>真的好么？</p>','question/img.jpg',NULL,NULL,20,1,'1','2016-01-15 11:33:31',0,1,3,0,'2016-01-16 20:54:07'),(10,3,'不一样的体验','<p>就是这样的。</p>','question/img.jpg',NULL,NULL,21,1,'3','2016-01-15 11:33:48',0,1,4,0,'2016-01-16 20:54:07'),(11,3,'你爱他么？','<p>关你什么事。。。 这表明你们的关系还没好到问这个问题的时候。</p>','question/img.jpg',NULL,NULL,22,1,'1','2016-01-15 11:34:15',0,1,5,0,'2016-01-16 20:54:07'),(16,15,'你喜欢一个人带着么','<p>关于这件事你的选择是？</p>',NULL,NULL,NULL,NULL,1,'1','2016-01-26 14:31:32',0,1,1,0,'0000-00-00 00:00:00'),(17,0,'测试你到底有多现实？','<p style=\"margin-top: 0px; margin-bottom: 29p','question/93061304.jpg',NULL,NULL,28,1,'2','2016-01-26 21:36:41',0,13,NULL,0,'2016-01-30 18:16:36'),(18,0,'测试你到底有多现实？','<p>社会很复杂，看你有多复杂。</p>','',NULL,NULL,29,1,'1','2016-01-26 21:40:41',0,16,NULL,0,'2016-02-03 03:23:09'),(19,18,'如果现在死神要你死，以下三种死亡的方式你会选择哪一种？','<p><strong style=\"color: rgb(0, 0, 0); font-f',NULL,NULL,NULL,NULL,1,'1','2016-01-26 21:44:54',0,1,1,0,'2016-01-26 21:44:53'),(20,19,'如果现在死神要你死，以下三种死亡的方式你会选择哪一种？','<p>哪一种呢？</p>',NULL,NULL,NULL,NULL,1,'1','2016-01-26 21:50:47',0,1,1,0,'2016-01-26 21:50:46'),(22,0,'测试你到底有多现实？','<p><span style=\"color: rgb(255, 102, 0); font-family: 宋体, Arial, sans-serif; font-size: 15.9996px; line-height: 28px; text-indent: 31.9992px; white-space: normal;\">社会中的现实环境是很残忍的！今天就进入你的潜意识来看在别人','question/930613041.jpg',NULL,NULL,31,1,'2','2016-01-27 00:09:01',0,35,NULL,0,'2016-02-03 08:42:54'),(24,23,'这是对的吗？','<p>对嘛？</p>',NULL,NULL,NULL,NULL,1,'1','2016-01-27 14:19:53',0,1,1,0,'2016-01-27 14:19:52'),(25,0,'你需要测试下','<p>你需要测试下</p>','question/1182257.jpg',NULL,NULL,33,1,'1','2016-01-27 14:23:39',0,21,NULL,0,'2016-02-03 04:25:34'),(26,25,'你来回答？','<p>你来回答</p>',NULL,NULL,NULL,NULL,1,'1','2016-01-27 14:25:21',0,1,1,0,'2016-01-27 14:25:20'),(29,0,'你有感情洁癖吗？','<p>情人眼里容不下一粒沙，越纯粹让人觉得越美。进入你的潜意识测验一下，你面对感情的时候，到底有多洁癖呢？</p>','question/result.jpg',NULL,NULL,34,1,'1','2016-01-27 17:06:36',0,21,NULL,0,'2016-02-02 22:19:30'),(30,0,'你有感情洁癖么？','<p>情人眼里容不下一粒沙，越纯粹让人觉得越美。进入你的潜意识测验一下，你面对感情的时候，到底有多洁癖呢？</p>','question/result1.jpg',NULL,NULL,35,1,'1','2016-01-27 17:07:56',-1,32,NULL,0,'2016-02-03 05:17:10'),(31,30,'如果你是个男演员，在演床戏的时候不小心有生理反应怎么办？','<p>如果你是个男演员，在演床戏的时候不小心有生理反应怎么办？</p>',NULL,NULL,NULL,NULL,1,'1','2016-01-27 17:11:54',0,1,1,0,'2016-01-27 17:11:53'),(32,0,'测你职场天赋有多高？','<span id=\"_baidu_bookmark_start_50\" style=\"display: none; line-height: 0px;\">‍</span><span id=\"_baidu_bookmark_start_52\" style=\"display: none; line-height: 0px;\">‍</span><span id=\"_baidu_bookmark_start_46\" style=\"display: none; line-height: 0px;\">‍<','question/095916w6fmlb7y2lum3pzr.jpg',NULL,NULL,36,1,'2','2016-01-28 22:31:37',0,10,NULL,0,'2016-02-03 14:42:15'),(33,0,'测你职场天赋有多高？','<p><span style=\"color: rgb(73, 73, 73); font-family: &#39;Helvetica Neue&#39;, Helvetica, Arial, sans-serif; font-size: 12px; line-height: 24px; text-indent: 24px; white-space: normal; background-color: rgb(246, 246, 246);\">在职场我们的奋斗目标','question/095916w6fmlb7y2lum3pzr3.jpg',NULL,NULL,37,1,'2','2016-01-28 22:32:23',0,13,NULL,0,'2016-02-03 16:23:16'),(34,0,'测测你的心究竟有多开阔？','<span id=\"_baidu_bookmark_start_77\" style=\"display: none; line-height: 0px;\">‍</span><span id=\"_baidu_bookmark_start_79\" style=\"display: none; line-height: 0px;\">‍</span><span id=\"_baidu_bookmark_start_73\" style=\"display: none; line-height: 0px;\">‍<','question/0903477o7drdwxv5ddj79x.jpg',NULL,NULL,38,1,'2','2016-01-29 00:15:54',0,14,NULL,0,'2016-02-02 08:31:58'),(35,0,'你和《鬼吹灯》（寻龙诀）里的谁最有缘？','<p>如果穿越进入《鬼吹灯》（寻龙诀）的世界里，你会遇上谁呢？</p>','question/110140lrdua3cxxblo738z.jpg',NULL,NULL,39,1,'2','2016-01-29 16:30:01',0,28,NULL,0,'2016-02-03 12:27:04'),(36,0,'你的撒谎水平有多高？','<p>你觉得你会撒谎吗？你的撒谎水平有多高？人们可以通过观察一个人的面部、身体、声音及其言谈来知晓事情的真相，帮助他们做出判断，想知道大家能否一眼就看透你在撒谎吗？你的撒谎功','question/201111231503011.jpg',NULL,NULL,40,1,'3','2016-01-29 16:36:32',0,13,NULL,0,'2016-02-02 01:31:03'),(38,36,'r34r52','<p>3r32rfew</p>',NULL,NULL,NULL,NULL,1,'1','2016-01-29 16:39:00',0,1,1,0,'2016-01-29 16:39:00'),(39,0,'你内心的赌性有多大？','<p>很多人身上都是带有赌性的，尽管这个人并不一定非得是个好赌之徒。赌性在某种程度上说，是血性的一种表现方式。当人们体味过了人生的艰难和辛苦之后，与其坐以待毙，为什么不爽快地','question/20111031090940-3.jpg',NULL,NULL,41,1,'1','2016-01-29 16:59:00',0,25,NULL,0,'2016-02-02 02:35:12'),(40,39,'以下两种理想的上班状态，你更喜欢哪一个？','<p><span style=\"color: rgb(68, 68, 68); font-family: &#39;Helvetica Neue&#39;, Helvetica, Arial, sans-serif; font-size: 14px; font-weight: bold; line-height: 20px; white-space: normal;\">以下两种理想的上班状态，你更喜欢哪一个？</span></',NULL,NULL,NULL,NULL,1,'1','2016-01-29 17:07:12',0,1,1,0,'2016-01-29 17:07:11'),(42,41,'你多高','<p>非必填</p>',NULL,NULL,NULL,NULL,1,'1','2016-01-29 18:22:11',0,1,1,0,'2016-01-29 18:22:11'),(43,41,'多重','<p>多重</p>',NULL,NULL,NULL,NULL,1,'1','2016-01-29 18:24:12',0,1,1,0,'2016-01-29 18:24:11'),(44,0,'跳转题','<p>跳转到哪里</p>','',NULL,NULL,43,3,'2','2016-01-29 18:27:18',-1,12,NULL,0,'2016-02-01 00:23:16'),(45,44,'今天天气好不好？','<p>好不好？</p>',NULL,NULL,NULL,NULL,1,'1','2016-01-29 18:28:17',0,1,1,0,'2016-01-29 18:28:17'),(46,44,'西游记','<p>西游记</p>',NULL,NULL,NULL,NULL,1,'1','2016-01-29 18:36:52',0,1,1,0,'2016-01-29 18:36:52'),(47,0,'测测你的心机等级有多高？','<span id=\"_baidu_bookmark_start_105\" style=\"display: none; line-height: 0px;\">‍</span><span id=\"_baidu_bookmark_start_107\" style=\"display: none; line-height: 0px;\">‍</span><span id=\"_baidu_bookmark_start_101\" style=\"display: none; line-height: 0px;\">‍</span><span id=\"_baidu_bookmark_start_103\" style=\"display: none; line-height: 0px;\">‍</span><span id=\"_baidu_bookmark_start_97\" style=\"display: none; line-height: 0px;\">‍</span><span id=\"_baidu_bookmark_start_99\" style=\"display: none; line-height: 0px;\">‍</span><span id=\"_baidu_bookmark_start_93\" style=\"display: none; line-height: 0px;\">‍</span><span id=\"_baidu_bookmark_start_95\" style=\"display: none; line-height: 0px;\">‍</span><span id=\"_baidu_bookmark_start_89\" style=\"display: none; line-height: 0px;\">‍</span><span id=\"_baidu_bookmark_start_91\" style=\"display: none; line-height: 0px;\">‍</span><span id=\"_baidu_bookmark_start_85\" style=\"display: none; line-height: 0px;\">‍</span><span id=\"_baidu_bookmark_start_87\" style=\"display: none; line-height: 0px;\">‍</span><span id=\"_baidu_bookmark_start_81\" style=\"display: none; line-height: 0px;\">‍</span><span id=\"_baidu_bookmark_start_83\" style=\"display: none; line-height: 0px;\">‍</span><span id=\"_baidu_bookmark_start_77\" style=\"display: none; line-height: 0px;\">‍</span><span id=\"_baidu_bookmark_start_79\" style=\"display: none; line-height: 0px;\">‍</span><span id=\"_baidu_bookmark_start_73\" style=\"display: none; line-height: 0px;\">‍</span><span id=\"_baidu_bookmark_start_75\" style=\"display: none; line-height: 0px;\">‍</span><span id=\"_baidu_bookmark_start_69\" style=\"display: none; line-height: 0px;\">‍</span><span id=\"_baidu_bookmark_start_71\" style=\"display: none; line-height: 0px;\">‍</span><span id=\"_baidu_bookmark_start_65\" style=\"display: none; line-height: 0px;\">‍</span><span id=\"_baidu_bookmark_start_67\" style=\"display: none; line-height: 0px;\">‍</span><span id=\"_baidu_bookmark_start_61\" style=\"display: none; line-height: 0px;\">‍</span><span id=\"_baidu_bookmark_start_63\" style=\"display: none; line-height: 0px;\">‍</span><span id=\"_baidu_bookmark_start_57\" style=\"display: none; line-height: 0px;\">‍</span><span id=\"_baidu_bookmark_start_59\" style=\"display: none; line-height: 0px;\">‍</span><span id=\"_baidu_bookmark_start_53\" style=\"display: none; line-height: 0px;\">‍</span><span id=\"_baidu_bookmark_start_55\" style=\"display: none; line-height: 0px;\">‍</span><span id=\"_baidu_bookmark_start_49\" style=\"display: none; line-height: 0px;\">‍</span><span id=\"_baidu_bookmark_start_51\" style=\"display: none; line-height: 0px;\">‍</span><span id=\"_baidu_bookmark_start_45\" style=\"display: none; line-height: 0px;\">‍</span><span id=\"_baidu_bookmark_start_47\" style=\"display: none; line-height: 0px;\">‍</span><span id=\"_baidu_bookmark_start_41\" style=\"display: none; line-height: 0px;\">‍</span><span id=\"_baidu_bookmark_start_43\" style=\"display: none; line-height: 0px;\">‍</span><span id=\"_baidu_bookmark_start_37\" style=\"display: none; line-height: 0px;\">‍</span><span id=\"_baidu_bookmark_start_39\" style=\"display: none; line-height: 0px;\">‍</span><span id=\"_baidu_bookmark_start_33\" style=\"display: none; line-height: 0px;\">‍</span><span id=\"_baidu_bookmark_start_35\" style=\"display: none; line-height: 0px;\">‍</span><span id=\"_baidu_bookmark_start_29\" style=\"display: none; line-height: 0px;\">‍</span><span id=\"_baidu_bookmark_start_31\" style=\"display: none; line-height: 0px;\">‍</span><span id=\"_baidu_bookmark_start_25\" style=\"display: none; line-height: 0px;\">‍</span><span id=\"_baidu_bookmark_start_27\" style=\"display: none; line-height: 0px;\">‍</span><span id=\"_baidu_bookmark_start_21\" style=\"display: none; line-height: 0px;\">‍</span><span id=\"_baidu_bookmark_start_23\" style=\"display: none; line-height: 0px;\">‍</span><span id=\"_baidu_bookmark_start_17\" style=\"display: none; line-height: 0px;\">‍</span><span id=\"_baidu_bookmark_start_19\" style=\"display: none; line-height: 0px;\">‍</span><span id=\"_baidu_bookmark_start_13\" style=\"display: none; line-height: 0px;\">‍</span><span id=\"_baidu_bookmark_start_15\" style=\"display: none; line-height: 0px;\">‍</span><span id=\"_baidu_bookmark_start_9\" style=\"display: none; line-height: 0px;\">‍</span><span id=\"_baidu_bookmark_start_11\" style=\"display: none; line-height: 0px;\">‍</span><span id=\"_baidu_bookmark_start_5\" style=\"display: none; line-height: 0px;\">‍</span><span id=\"_baidu_bookmark_start_7\" style=\"display: none; line-height: 0px;\">‍</span><span id=\"_baidu_bookmark_start_1\" style=\"display: none; line-height: 0px;\">‍</span><span id=\"_baidu_bookmark_start_3\" style=\"display: none; line-height: 0px;\">‍</span><p><span style=\"color: rgb(73, 73, 73); font-family: &#39;Helvetica Neue&#39;, Helvetica, Arial, sans-serif; font-size: 12px; line-height: 24px; text-indent: 24px; white-space: normal; background-color: rgb(246, 246, 246);\">在这个物是人非的社会上，心机是必然存在的。没有一点心机的人，是不存在的。有心机不一定是坏事，如果你没有分辨是非的能力，你早就被人暗算了。那么，你的心机是什么等级的？一起来做个测试吧。</span></p><span id=\"_baidu_bookmark_end_92\" style=\"display: none; line-height: 0px;\">‍</span><span id=\"_baidu_bookmark_end_90\" style=\"display: none; line-height: 0px;\">‍</span><span id=\"_baidu_bookmark_end_88\" style=\"display: none; line-height: 0px;\">‍</span><span id=\"_baidu_bookmark_end_86\" style=\"display: none; line-height: 0px;\">‍</span><span id=\"_baidu_bookmark_end_84\" style=\"display: none; line-height: 0px;\">‍</span><span id=\"_baidu_bookmark_end_82\" style=\"display: none; line-height: 0px;\">‍</span><span id=\"_baidu_bookmark_end_80\" style=\"display: none; line-height: 0px;\">‍</span><span id=\"_baidu_bookmark_end_78\" style=\"display: none; line-height: 0px;\">‍</span><span id=\"_baidu_bookmark_end_76\" style=\"display: none; line-height: 0px;\">‍</span><span id=\"_baidu_bookmark_end_74\" style=\"display: none; line-height: 0px;\">‍</span><span id=\"_baidu_bookmark_end_72\" style=\"display: none; line-height: 0px;\">‍</span><span id=\"_baidu_bookmark_end_70\" style=\"display: none; line-height: 0px;\">‍</span><span id=\"_baidu_bookmark_end_68\" style=\"display: none; line-height: 0px;\">‍</span><span id=\"_baidu_bookmark_end_66\" style=\"display: none; line-height: 0px;\">‍</span><span id=\"_baidu_bookmark_end_64\" style=\"display: none; line-height: 0px;\">‍</span><span id=\"_baidu_bookmark_end_62\" style=\"display: none; line-height: 0px;\">‍</span><span id=\"_baidu_bookmark_end_60\" style=\"display: none; line-height: 0px;\">‍</span><span id=\"_baidu_bookmark_end_58\" style=\"display: none; line-height: 0px;\">‍</span><span id=\"_baidu_bookmark_end_56\" style=\"display: none; line-height: 0px;\">‍</span><span id=\"_baidu_bookmark_end_54\" style=\"display: none; line-height: 0px;\">‍</span><span id=\"_baidu_bookmark_end_52\" style=\"display: none; line-height: 0px;\">‍</span><span id=\"_baidu_bookmark_end_50\" style=\"display: none; line-height: 0px;\">‍</span><span id=\"_baidu_bookmark_end_48\" style=\"display: none; line-height: 0px;\">‍</span><span id=\"_baidu_bookmark_end_46\" style=\"display: none; line-height: 0px;\">‍</span><span id=\"_baidu_bookmark_end_44\" style=\"display: none; line-height: 0px;\">‍</span><span id=\"_baidu_bookmark_end_42\" style=\"display: none; line-height: 0px;\">‍</span><span id=\"_baidu_bookmark_end_40\" style=\"display: none; line-height: 0px;\">‍</span><span id=\"_baidu_bookmark_end_38\" style=\"display: none; line-height: 0px;\">‍</span><span id=\"_baidu_bookmark_end_36\" style=\"display: none; line-height: 0px;\">‍</span><span id=\"_baidu_bookmark_end_34\" style=\"display: none; line-height: 0px;\">‍</span><span id=\"_baidu_bookmark_end_32\" style=\"display: none; line-height: 0px;\">‍</span><span id=\"_baidu_bookmark_end_30\" style=\"display: none; line-height: 0px;\">‍</span><span id=\"_baidu_bookmark_end_28\" style=\"display: none; line-height: 0px;\">‍</span><span id=\"_baidu_bookmark_end_26\" style=\"display: none; line-height: 0px;\">‍</span><span id=\"_baidu_bookmark_end_24\" style=\"display: none; line-height: 0px;\">‍</span><span id=\"_baidu_bookmark_end_22\" style=\"display: none; line-height: 0px;\">‍</span><span id=\"_baidu_bookmark_end_20\" style=\"display: none; line-height: 0px;\">‍</span><span id=\"_baidu_bookmark_end_18\" style=\"display: none; line-height: 0px;\">‍</span><span id=\"_baidu_bookmark_end_16\" style=\"display: none; line-height: 0px;\">‍</span><span id=\"_baidu_bookmark_end_14\" style=\"display: none; line-height: 0px;\">‍</span><span id=\"_baidu_bookmark_end_12\" style=\"display: none; line-height: 0px;\">‍</span><span id=\"_baidu_bookmark_end_10\" style=\"display: none; line-height: 0px;\">‍</span><span id=\"_baidu_bookmark_end_8\" style=\"display: none; line-height: 0px;\">‍</span><span id=\"_baidu_bookmark_end_6\" style=\"display: none; line-height: 0px;\">‍</span><span id=\"_baidu_bookmark_end_4\" style=\"display: none; line-height: 0px;\">‍</span><span id=\"_baidu_bookmark_end_2\" style=\"display: none; line-height: 0px;\">‍</span><span id=\"_baidu_bookmark_end_108\" style=\"display: none; line-height: 0px;\">‍</span><span id=\"_baidu_bookmark_end_106\" style=\"display: none; line-height: 0px;\">‍</span><span id=\"_baidu_bookmark_end_104\" style=\"display: none; line-height: 0px;\">‍</span><span id=\"_baidu_bookmark_end_102\" style=\"display: none; line-height: 0px;\">‍</span><span id=\"_baidu_bookmark_end_100\" style=\"display: none; line-height: 0px;\">‍</span><span id=\"_baidu_bookmark_end_98\" style=\"display: none; line-height: 0px;\">‍</span><span id=\"_baidu_bookmark_end_96\" style=\"display: none; line-height: 0px;\">‍</span><span id=\"_baidu_bookmark_end_94\" style=\"display: none; line-height: 0px;\">‍</span>','question/1019349unq5wx7xpyhy9iw.jpg',NULL,NULL,44,1,'2','2016-01-30 12:02:06',0,32,NULL,0,'2016-02-03 09:04:14'),(48,47,'测测你的心机等级有多高？','',NULL,NULL,NULL,NULL,1,'1','2016-01-30 12:05:46',0,1,1,0,'2016-01-30 12:05:45'),(49,47,'厉害吗？','',NULL,NULL,NULL,NULL,1,'1','2016-01-30 12:08:31',0,1,1,0,'2016-01-30 12:08:31'),(50,0,'你是金庸笔下的谁？','<p><span style=\"color: rgb(0, 0, 0); font-family: monospace; font-size: medium; line-height: normal; white-space: pre-wrap;\">金庸笔下的人物都个性鲜明，如果让你置身于他所描述的武侠世界，你最可能成为谁呢？</span></p><p><span style=\"color: rgb(0, 0, 0); font-family: monospace; font-size: medium; line-height: normal; white-space: pre-wrap;\"><img src=\"http://www.xiaojiaoluo.com/assets/umeditor/php/upload/20160130/14541271182536.png\" _src=\"http://www.xiaojiaoluo.com/assets/umeditor/php/upload/20160130/14541271182536.png\"/></span></p>','',NULL,NULL,45,3,'2','2016-01-30 12:10:13',-1,25,NULL,0,'2016-02-02 06:30:54'),(52,51,'哈哈','<p>真这样的</p>',NULL,NULL,NULL,NULL,1,'1','2016-01-30 12:16:30',0,1,1,0,'2016-01-30 12:16:30'),(53,51,'问题2','',NULL,NULL,NULL,NULL,1,'1','2016-01-30 12:17:43',0,1,1,0,'2016-01-30 12:17:43'),(54,0,'你具有哪种花样性格？','<span id=\"_baidu_bookmark_start_69\" style=\"display: none; line-height: 0px;\">‍</span><span id=\"_baidu_bookmark_start_71\" style=\"display: none; line-height: 0px;\">‍</span><span id=\"_baidu_bookmark_start_65\" style=\"display: none; line-height: 0px;\">‍</span><span id=\"_baidu_bookmark_start_67\" style=\"display: none; line-height: 0px;\">‍</span><span id=\"_baidu_bookmark_start_61\" style=\"display: none; line-height: 0px;\">‍</span><span id=\"_baidu_bookmark_start_63\" style=\"display: none; line-height: 0px;\">‍</span><p>看到花，你定会想起女人。女人的精灵气质，唯有花的香艳能与之媲美。一百种花有一百种花语，你具有哪种花样性格呢？</p><span id=\"_baidu_bookmark_end_72\" style=\"display: none; line-height: 0px;\">‍</span><span id=\"_baidu_bookmark_end_70\" style=\"display: none; line-height: 0px;\">‍</span><span id=\"_baidu_bookmark_end_68\" style=\"display: none; line-height: 0px;\">‍</span><span id=\"_baidu_bookmark_end_66\" style=\"display: none; line-height: 0px;\">‍</span><span id=\"_baidu_bookmark_end_64\" style=\"display: none; line-height: 0px;\">‍</span><span id=\"_baidu_bookmark_end_62\" style=\"display: none; line-height: 0px;\">‍</span>','question/20160122103617363.jpg',NULL,NULL,47,2,'3','2016-01-30 12:25:39',0,73,NULL,0,'2016-02-03 14:08:02'),(55,50,'一天之中，你喜欢早上多于晚上？','',NULL,NULL,NULL,NULL,1,'1','2016-01-30 12:26:35',0,1,1,0,'2016-01-30 12:26:34'),(56,50,'你是外貌协会的吗？','',NULL,NULL,NULL,NULL,1,'1','2016-01-30 12:30:00',0,1,2,0,'2016-01-30 12:30:00'),(57,50,'晚上睡觉的时候，你会在心里对自己说“晚安”吗？','',NULL,NULL,NULL,NULL,1,'1','2016-01-30 12:30:35',0,1,3,0,'2016-01-30 12:30:35'),(58,50,'你喜欢吃橘子么？','',NULL,NULL,NULL,NULL,1,'1','2016-01-30 12:32:12',0,1,4,0,'2016-01-30 12:32:12'),(60,59,'1','',NULL,NULL,NULL,NULL,1,'1','2016-01-30 12:33:26',0,1,1,0,'2016-01-30 12:33:25'),(61,50,'对于喜欢的人态度很积极？','',NULL,NULL,NULL,NULL,1,'1','2016-01-30 12:33:38',0,1,5,0,'2016-01-30 12:33:37'),(62,50,'你平时喜欢和朋友一起逛街么？','',NULL,NULL,NULL,NULL,1,'1','2016-01-30 12:42:10',0,1,6,0,'2016-01-30 12:42:09'),(63,54,'如果摆在你面前有两条路，一条通往永生的天堂，另一条通往万劫不复的地狱，这时你会？','',NULL,NULL,NULL,NULL,1,'1','2016-01-30 12:42:20',0,1,1,0,'2016-01-30 12:42:19'),(64,50,'常常梦见喜欢却没在一起的人？','',NULL,NULL,NULL,NULL,1,'1','2016-01-30 12:42:48',0,1,7,0,'2016-01-30 12:42:47'),(65,50,'你喜欢看悲剧么？','',NULL,NULL,NULL,NULL,1,'1','2016-01-30 12:43:24',0,1,8,0,'2016-01-30 12:43:23'),(66,50,'在街上巧遇自己暗恋的人，你会趁机约着一起玩？','',NULL,NULL,NULL,NULL,1,'1','2016-01-30 12:44:15',0,1,9,0,'2016-01-30 12:44:15'),(67,50,'在朋友圈里，你是不可或缺的开心果么？','',NULL,NULL,NULL,NULL,1,'1','2016-01-30 12:44:47',0,1,10,0,'2016-01-30 12:44:46'),(68,50,'上课/上班时，常偷偷盯着喜欢的人看？','',NULL,NULL,NULL,NULL,1,'1','2016-01-30 12:45:15',0,1,11,0,'2016-01-30 12:45:15'),(69,50,'你做事喜欢不按常理出牌么？','',NULL,NULL,NULL,NULL,1,'1','2016-01-30 12:45:47',0,1,12,0,'2016-01-30 12:45:46'),(70,50,'对于喜欢的人你会选择从朋友做起？','',NULL,NULL,NULL,NULL,1,'1','2016-01-30 12:46:30',0,1,13,0,'2016-01-30 12:46:29'),(71,50,'别人都说你长得很不错么？','',NULL,NULL,NULL,NULL,1,'1','2016-01-30 12:47:12',0,1,14,0,'2016-01-30 12:47:12'),(72,50,'恋人比朋友还重要？','',NULL,NULL,NULL,NULL,1,'1','2016-01-30 12:47:43',0,1,15,0,'2016-01-30 12:47:42'),(73,50,'你的动手能力强吗？','',NULL,NULL,NULL,NULL,1,'1','2016-01-30 12:48:18',0,1,16,0,'2016-01-30 12:48:17'),(74,50,'不懂得适时地表白，即使是无聊的玩笑，也会使你脸红？','',NULL,NULL,NULL,NULL,1,'1','2016-01-30 12:48:48',0,1,17,0,'2016-01-30 12:48:47'),(75,50,'你是不是会弹钢琴？','',NULL,NULL,NULL,NULL,1,'1','2016-01-30 12:49:21',0,1,18,0,'2016-01-30 12:49:21'),(76,50,'曾经去过喜欢的人家里？','',NULL,NULL,NULL,NULL,1,'1','2016-01-30 12:49:53',0,1,19,0,'2016-01-30 12:49:52'),(77,50,'没有人限制你的零花钱？','',NULL,NULL,NULL,NULL,1,'1','2016-01-30 12:50:33',0,1,20,0,'2016-01-30 12:50:33'),(78,50,'你暗恋的人曾主动与你说过话吗？','',NULL,NULL,NULL,NULL,1,'1','2016-01-30 12:51:13',0,1,21,0,'2016-01-30 12:51:13'),(79,50,'你喜欢看暴力电影么？','',NULL,NULL,NULL,NULL,1,'1','2016-01-30 12:51:45',0,1,22,0,'2016-01-30 12:51:44'),(80,50,'有很多异性朋友？','',NULL,NULL,NULL,NULL,1,'1','2016-01-30 12:52:12',0,1,23,0,'2016-01-30 12:52:11'),(81,50,'你曾经被人说过做事“不择手段”么？','',NULL,NULL,NULL,NULL,1,'1','2016-01-30 12:52:39',0,1,24,0,'2016-01-30 12:52:38'),(82,50,'暗恋的人如果搬了家你会继续暗恋TA吗？','',NULL,NULL,NULL,NULL,1,'1','2016-01-30 12:53:07',0,1,25,0,'2016-01-30 12:53:06'),(83,50,'你说话轻声细气么？','',NULL,NULL,NULL,NULL,1,'1','2016-01-30 12:53:40',0,1,26,0,'2016-01-30 12:53:40'),(84,50,'讨厌整天在一起的恋爱，重视拥有个人的时间及空间？','',NULL,NULL,NULL,NULL,1,'1','2016-01-30 12:54:08',0,1,27,0,'2016-01-30 12:54:07'),(85,50,'你喜欢花儿多于仙人球？','',NULL,NULL,NULL,NULL,1,'1','2016-01-30 12:54:47',0,1,28,0,'2016-01-30 12:54:46'),(86,50,'喜欢照顾自己暗恋的人？','',NULL,NULL,NULL,NULL,1,'1','2016-01-30 12:55:32',0,1,29,0,'2016-01-30 12:55:31'),(87,50,'你爱漫画多于动画片？','',NULL,NULL,NULL,NULL,1,'1','2016-01-30 12:56:10',0,1,30,0,'2016-01-30 12:56:10'),(88,50,'你觉得被告白比告白好吗？','',NULL,NULL,NULL,NULL,1,'1','2016-01-30 12:58:45',0,1,31,0,'2016-01-30 12:58:44'),(89,50,'你是不是很喜欢DIY么？','',NULL,NULL,NULL,NULL,1,'1','2016-01-30 12:59:20',0,1,32,0,'2016-01-30 12:59:19'),(91,50,'你觉得自己拥有很多自由的空间么？','',NULL,NULL,NULL,NULL,1,'1','2016-01-30 13:00:23',0,1,34,0,'2016-01-30 13:00:23'),(92,0,'从自画像看你的潜在性格','<p>你潜意识里希望自己是什么样子的?一副自画像，能够揭示你的性格潜力~赶快和小编一起走进情景里，看看你的性格潜力吧!</p>','question/20160118041242194.jpg',NULL,NULL,49,1,'3','2016-01-30 13:00:34',0,235,NULL,0,'2016-02-01 23:12:39'),(93,92,'在公园看到许多画家帮人画自画像，你心血来潮也想过过做模特儿的瘾，你会选择哪一类型的自画像？','',NULL,NULL,NULL,NULL,1,'1','2016-01-30 13:08:50',0,1,1,0,'2016-01-30 13:08:50'),(94,0,'你的性格属于哪种糖？','人的一生就像公交车，到站了有人会上车与你相遇，也会有人下车与你道别。在车厢内我们会遇到各式各样的人，你就像一颗简简单单的糖果，那么，你的性格属于哪种糖呢？','question/20160116025213285.jpg',NULL,NULL,50,1,'1','2016-01-30 21:26:55',0,29,NULL,0,'2016-02-02 04:50:29'),(95,94,'你喜欢什么味道的糖果？','',NULL,NULL,NULL,NULL,1,'1','2016-01-30 21:30:33',0,1,1,0,'2016-01-30 21:30:32'),(96,0,'你能通过微信张小龙的面试么？','<p>张小龙，1969年12月生于湖南，Foxmail创始人，微信创始人，腾讯公司高级副总裁。中国互联网产品大神，你能通过他的面试么？</p>','question/weixin1.jpg',NULL,NULL,51,3,'5','2016-01-30 23:34:01',-1,62,NULL,0,'2016-02-03 11:19:17'),(97,96,'你独立完成过一款产品么？','',NULL,NULL,NULL,NULL,1,'1','2016-01-30 23:44:02',0,1,1,0,'2016-01-30 23:44:01'),(101,0,'再来一票','<p>试下喽</p>','',NULL,NULL,52,3,'1','2016-02-01 14:29:19',-1,5,NULL,0,'2016-02-03 07:56:47'),(104,101,'问题2','',NULL,NULL,NULL,NULL,1,'1','2016-02-01 14:56:24',0,1,1,0,'2016-02-01 14:56:23'),(105,101,'232323','',NULL,NULL,NULL,NULL,1,'1','2016-02-01 15:19:16',0,1,2,0,'2016-02-01 15:19:16'),(106,96,'你读过凯文凯利的《失控》吗？','',NULL,NULL,NULL,NULL,1,'1','2016-02-01 17:25:03',0,1,2,0,'2016-02-01 17:25:02'),(107,96,'你喜欢听摇滚乐么？','',NULL,NULL,NULL,NULL,1,'1','2016-02-01 17:26:42',0,1,3,0,'2016-02-01 17:26:41'),(108,96,'你去过东莞么？','',NULL,NULL,NULL,NULL,1,'1','2016-02-01 17:29:30',0,1,4,0,'2016-02-01 17:29:29'),(109,96,'你最喜欢什么原型图工具？','',NULL,NULL,NULL,NULL,1,'1','2016-02-01 20:36:34',0,1,5,0,'2016-02-01 20:36:33'),(110,0,'测试你是不是真果粉','<p>真假果粉，一测便知。</p>','question/8d562a985eb492a7538f835b5c734ee6.jpg',NULL,NULL,53,3,'6','2016-02-01 20:51:45',-1,12,NULL,0,'2016-02-03 12:39:37'),(111,110,'你有几个苹果设备？','',NULL,NULL,NULL,NULL,1,'1','2016-02-01 20:56:18',0,1,1,0,'2016-02-01 20:56:18'),(112,110,'你的Mac是什么系统啊？','',NULL,NULL,NULL,NULL,1,'1','2016-02-01 20:59:41',0,1,2,0,'2016-02-01 21:07:12'),(113,110,'你觉得iTunes好用吗？','',NULL,NULL,NULL,NULL,1,'1','2016-02-01 21:00:49',0,1,3,0,'2016-02-01 21:12:54'),(114,110,'你的iPhone越狱了吗？','',NULL,NULL,NULL,NULL,1,'1','2016-02-01 21:11:07',0,1,4,0,'2016-02-01 21:11:06'),(115,0,'测试下你是什么级别的果粉','<p>什么是果粉？果粉是指对苹果推出产品非常痴迷，无论苹果发布什么，果粉们都会第一时间购买。果粉们认为iPhone、Mac系统要远超Android和Windows系统。当然，果粉也是有级别的，有些是是轻度果粉，有的人则是骨灰级果粉。那么你究竟是什么级别的果粉呢？下面这张拥有16个问题的测试将告诉你答案。</p>','',NULL,NULL,54,2,'9','2016-02-01 21:33:46',-1,6,NULL,0,'2016-02-03 02:16:35'),(116,115,'你什么时候购买的Mac电脑呢？','',NULL,NULL,NULL,NULL,1,'1','2016-02-01 21:40:15',0,1,1,0,'2016-02-01 21:40:14'),(117,115,'你知道并可以拼写苹果创始人的英文吗？','',NULL,NULL,NULL,NULL,1,'1','2016-02-01 21:44:44',0,1,2,0,'2016-02-01 21:44:44'),(118,115,'你能说出两个以上的Mac操作系统名称吗？','',NULL,NULL,NULL,NULL,1,'1','2016-02-01 21:45:43',0,1,3,0,'2016-02-01 21:45:43'),(119,115,'你买过几台苹果设备？','',NULL,NULL,NULL,NULL,1,'1','2016-02-01 21:46:41',0,1,4,0,'2016-02-01 21:48:06'),(120,115,'你说服一位同事切换到Mac吗？','',NULL,NULL,NULL,NULL,1,'1','2016-02-01 21:48:39',0,1,5,0,'2016-02-01 21:48:38'),(121,115,'你去过Cupertino朝圣过吗？','',NULL,NULL,NULL,NULL,1,'1','2016-02-01 21:49:38',0,1,6,0,'2016-02-01 21:49:59'),(122,115,'因为伴侣不喜欢苹果，所以跟他/她分手过吗？','',NULL,NULL,NULL,NULL,1,'1','2016-02-01 21:50:25',0,1,7,0,'2016-02-01 21:50:25'),(123,115,'你有将自己的宠物狗、宠物猫和宠物鼠命名为Apple、iCat、iDog吗？','',NULL,NULL,NULL,NULL,1,'1','2016-02-01 21:51:22',0,1,8,0,'2016-02-01 21:51:21'),(124,115,'如果你拥有苹果纹身吗？','',NULL,NULL,NULL,NULL,1,'1','2016-02-01 21:52:36',0,1,9,0,'2016-02-01 21:52:35'),(125,115,'你曾经为买苹果新产品排队吗？','',NULL,NULL,NULL,NULL,1,'1','2016-02-01 21:53:19',0,1,10,0,'2016-02-01 21:53:19'),(126,115,'为了能购买最新的苹果产品，你愿意做什么？','',NULL,NULL,NULL,NULL,1,'1','2016-02-01 21:55:20',0,1,11,0,'2016-02-01 21:55:57'),(127,0,'你的败家指数有多少？','<p>你是不是认为打折之后不买就亏了？如果是，那么你很有败家的嫌疑，你的败家指数有多少呢？</p>','question/head.jpg',NULL,NULL,55,3,'1','2016-02-02 22:17:48',-1,16,NULL,0,'2016-02-03 12:37:59'),(128,127,'你是不是个喜欢说长道短的八卦男/婆？','',NULL,NULL,NULL,NULL,1,'1','2016-02-02 22:23:41',0,1,1,0,'2016-02-02 22:23:40'),(129,127,'每次逛街时，你花的时间是不是总是特别久','',NULL,NULL,NULL,NULL,1,'1','2016-02-02 22:24:38',0,1,2,0,'2016-02-02 22:24:37'),(130,127,'你是否常注意演艺圈的事情（偶像、节目、八卦新闻等等）？','',NULL,NULL,NULL,NULL,1,'1','2016-02-02 22:25:30',0,1,3,0,'2016-02-02 22:25:29'),(131,127,'你是否常去做发型设计？','',NULL,NULL,NULL,NULL,1,'1','2016-02-02 22:26:45',0,1,4,0,'2016-02-02 22:26:45'),(132,127,'每逢假日，人挤人的，火车票又订不到，只剩站票，你会？','',NULL,NULL,NULL,NULL,1,'1','2016-02-02 22:27:24',0,1,5,0,'2016-02-02 22:27:24'),(133,127,'逢年过节，火车票一位难求，这时候你会？','',NULL,NULL,NULL,NULL,1,'1','2016-02-02 22:28:09',0,1,6,0,'2016-02-02 22:28:08'),(134,127,'你买的东西没用之后是否会丢掉？','',NULL,NULL,NULL,NULL,1,'1','2016-02-02 22:28:37',0,1,7,0,'2016-02-02 22:28:37'),(135,127,'你计划下次买车时，是买怎样的车子呢？','',NULL,NULL,NULL,NULL,1,'1','2016-02-02 22:29:13',0,1,8,0,'2016-02-02 22:29:12'),(136,127,'如果有一天，你抽中和偶像共度晚餐，你会？','',NULL,NULL,NULL,NULL,1,'1','2016-02-02 22:30:02',0,1,9,0,'2016-02-02 22:30:01'),(137,127,'你是否偶尔会有冲动疯狂购物的想法？','',NULL,NULL,NULL,NULL,1,'1','2016-02-02 22:30:34',0,1,10,0,'2016-02-02 22:30:33'),(138,127,'明知道购物电视台都是说的天花乱坠，可是看了之后你会？','',NULL,NULL,NULL,NULL,1,'1','2016-02-02 22:31:17',0,1,11,0,'2016-02-02 22:31:17'),(139,127,'假设你开车或骑车时，手机电话响了，这时你会？','',NULL,NULL,NULL,NULL,1,'1','2016-02-02 22:31:58',0,1,12,0,'2016-02-02 22:31:58'),(140,127,'如果你是因为搬家，结果发现有很多不必要的东西，你会？','',NULL,NULL,NULL,NULL,1,'1','2016-02-02 22:32:40',0,1,13,0,'2016-02-02 22:32:39'),(141,127,'一件150，三件400的衣服，这时你会？','',NULL,NULL,NULL,NULL,1,'1','2016-02-02 22:33:50',0,1,14,0,'2016-02-02 22:33:50'),(142,127,'红标CD400元，搭配绿标商品购买只要300元，这时你会？','',NULL,NULL,NULL,NULL,1,'1','2016-02-02 22:34:32',0,1,15,0,'2016-02-02 22:34:31'),(143,0,'哪些人跟你合不来？','跟合不来的人共事是非常头疼的事情，想知道你和哪种人最合不来吗？那就来测一测吧！','question/head1.jpg',NULL,NULL,56,3,'3','2016-02-02 23:03:20',-1,23,NULL,0,'2016-02-03 12:37:56'),(144,143,'你会在意恋人的过去吗？','',NULL,NULL,NULL,NULL,1,'1','2016-02-02 23:07:26',0,1,1,0,'2016-02-02 23:29:34'),(145,143,'你分得清喜欢和爱的区别吗？','',NULL,NULL,NULL,NULL,1,'1','2016-02-02 23:08:36',0,1,2,0,'2016-02-02 23:08:35'),(146,143,'假如你准备自己烘焙一个蛋糕，你会选择做成什么形状的呢？','',NULL,NULL,NULL,NULL,1,'1','2016-02-02 23:09:17',0,1,3,0,'2016-02-02 23:09:16'),(147,143,'你的电子邮箱里是不是还有很多未读邮件呢？','',NULL,NULL,NULL,NULL,1,'1','2016-02-02 23:09:52',0,1,4,0,'2016-02-02 23:09:51'),(148,143,'你觉得婚姻是一种经济行为吗？','',NULL,NULL,NULL,NULL,1,'1','2016-02-02 23:11:42',0,1,5,0,'2016-02-02 23:11:41'),(149,143,'你出了什么事情第一时间都会告诉家人吗？','',NULL,NULL,NULL,NULL,1,'1','2016-02-02 23:12:07',0,1,6,0,'2016-02-02 23:12:06'),(150,143,'当你遭到色狼骚扰时，你该怎么办？','',NULL,NULL,NULL,NULL,1,'1','2016-02-02 23:12:30',0,1,7,0,'2016-02-02 23:12:30'),(151,143,'你深爱的人背叛了你，还会给对方一次机会吗？','',NULL,NULL,NULL,NULL,1,'1','2016-02-02 23:13:46',0,1,8,0,'2016-02-02 23:13:46'),(152,143,'你喜欢和朋友去逛地摊夜市吗？','',NULL,NULL,NULL,NULL,1,'1','2016-02-02 23:14:15',0,1,9,0,'2016-02-02 23:14:14'),(153,143,'假如你不得不与下面的一个人做朋友，你会选择谁呢？','',NULL,NULL,NULL,NULL,1,'1','2016-02-02 23:14:41',0,1,10,0,'2016-02-02 23:14:40'),(154,0,'2016你的艳遇指数','众里寻他千百度，蓦然回首，那人却在灯火阑珊处。基本上很多人都有对艳遇的渴望的，尤其是一些单身的人，也期待有一场艳遇。那么在2016年里，你的艳遇指数会有多少？','question/20160106025000415.jpg',NULL,NULL,57,3,'2','2016-02-03 15:23:28',-1,2,NULL,0,'2016-02-03 16:28:23'),(155,154,'你现在还会去听广播电台吗？','',NULL,NULL,NULL,NULL,1,'1','2016-02-03 16:30:04',0,1,1,0,'2016-02-03 16:30:03'),(156,154,'你现在会养一些花草之类的吗？','',NULL,NULL,NULL,NULL,1,'1','2016-02-03 16:35:36',0,1,2,0,'2016-02-03 16:35:35');
/*!40000 ALTER TABLE `question` ENABLE KEYS */;
UNLOCK TABLES;

--
-- Table structure for table `question_category`
--

DROP TABLE IF EXISTS `question_category`;
/*!40101 SET @saved_cs_client     = @@character_set_client */;
/*!40101 SET character_set_client = utf8 */;
CREATE TABLE `question_category` (
  `id` int(11) NOT NULL AUTO_INCREMENT,
  `description` tinytext,
  `img` varchar(255) DEFAULT NULL,
  PRIMARY KEY (`id`)
) ENGINE=InnoDB AUTO_INCREMENT=10 DEFAULT CHARSET=utf8;
/*!40101 SET character_set_client = @saved_cs_client */;

--
-- Dumping data for table `question_category`
--

LOCK TABLES `question_category` WRITE;
/*!40000 ALTER TABLE `question_category` DISABLE KEYS */;
INSERT INTO `question_category` VALUES (1,'性格',NULL),(2,'爱情',NULL),(3,'社交',NULL),(4,'财富',NULL),(5,'职场',NULL),(6,'趣味',NULL),(7,'能力',NULL),(8,'职场',NULL),(9,'综合',NULL);
/*!40000 ALTER TABLE `question_category` ENABLE KEYS */;
UNLOCK TABLES;

--
-- Table structure for table `result`
--

DROP TABLE IF EXISTS `result`;
/*!40101 SET @saved_cs_client     = @@character_set_client */;
/*!40101 SET character_set_client = utf8 */;
CREATE TABLE `result` (
  `id` int(11) NOT NULL AUTO_INCREMENT,
  `question_id` varchar(45) DEFAULT NULL,
  `score_start` int(11) DEFAULT NULL,
  `score_end` int(11) DEFAULT NULL,
  `show_text_result` varchar(45) DEFAULT NULL,
  `show_img_result` varchar(45) DEFAULT NULL,
  `show_people_count` int(11) DEFAULT NULL,
  `label` varchar(45) DEFAULT NULL,
  `show_html_result` longtext,
  PRIMARY KEY (`id`),
  UNIQUE KEY `result` (`question_id`,`label`)
) ENGINE=InnoDB AUTO_INCREMENT=80 DEFAULT CHARSET=utf8;
/*!40101 SET character_set_client = @saved_cs_client */;

--
-- Dumping data for table `result`
--

LOCK TABLES `result` WRITE;
/*!40000 ALTER TABLE `result` DISABLE KEYS */;
INSERT INTO `result` VALUES (1,'2',0,30,'这是30分以内的答案','result/pic.jpg',20,'a','依然如此美丽'),(2,'2',30,60,'这是30分以上的答案','result/pic.jpg',10,'b','哈哈。。。太好了'),(3,'3',NULL,NULL,'问题3的结论1','result/pic.jpg',NULL,'a',NULL),(4,'3',NULL,NULL,'问题3的结论2',NULL,NULL,'b',NULL),(5,'19',1,20,'你的现实指数55％。','result/result.jpg',NULL,'1','<p><span style=\"color: rgb(0, 0, 0); font-family: 宋体, Arial, sans-serif; font-size: 15.9996px; line-height: 28px; text-indent: 31.9992px; white-space: normal;\">你的现实指数55％。除了家人的事之外，你都会客观理性分析，要对'),(6,'19',20,30,'你的现实指数20％。','result/result1.jpg',NULL,'2','<p><span style=\"color: rgb(0, 0, 0); font-family: 宋体, Arial, sans-serif; font-size: 15.9996px; line-height: 28px; text-indent: 31.9992px; white-space: normal;\">你的现实指数20％。因为心太软的你，在你面前装可怜你都会义无反'),(7,'19',30,50,'你的现实指数99％。','result/result2.jpg',NULL,'4','<p><span style=\"color: rgb(0, 0, 0); font-family: 宋体, Arial, sans-serif; font-size: 15.9996px; line-height: 28px; text-indent: 31.9992px; white-space: normal;\">你的现实指数99％。因为饱经历练的你已经学会先把自己顾好再做其</'),(8,'23',NULL,NULL,'你很厉害','',NULL,'4','<p>太棒了</p>'),(9,'25',NULL,NULL,'还不错','result/u3988706983,2273234831fm23gp0.jpg',NULL,'2','<p>你的回答不错</p>'),(10,'25',NULL,NULL,'这是结论','',NULL,'3','<p>这是结论</p>'),(11,'30',NULL,NULL,'洁癖指数有55%','',NULL,'1','<p>你面对感情的洁癖指数有55%，如果对方肉体出轨，你就觉得肮脏不洁的感觉，很难再忍受下去了。</p>'),(12,'30',NULL,NULL,'洁癖指数高达90%','',NULL,'2','<p>你面对感情的洁癖指数高达90%，认为心不在人就不在的你，完全无法忍受对方只是像行尸走肉般的跟自己在一起。</p>'),(13,'30',NULL,NULL,'洁癖指数只有20%','',NULL,'4','<p>你面对感情的时候，洁癖指数只有20%，因为你认为大家都不是圣人，只要对方不要玩得太过火，遵守一定的原则，就可以在安全范围内过关了，这类型的人，他觉得大家都是成熟人，只要有一'),(14,'36',NULL,NULL,'搞搞稿','',NULL,'1','<p>后果搞活搞活后果</p>'),(15,'36',NULL,NULL,'分为ffr','',NULL,'2','<p>FDSFw</p>'),(16,'39',NULL,NULL,'上班不用打卡','',NULL,'2',''),(17,'39',NULL,NULL,'离开家半小时以内的路程','',NULL,'3',''),(18,'39',NULL,NULL,'发呆发呆噶','',NULL,'4',''),(19,'39',NULL,NULL,'上班不打卡','',NULL,'5',''),(20,'41',5,10,'abc','',NULL,'1','<p>acb</p>'),(21,'41',10,20,'5','',NULL,'4','<p>5</p>'),(23,'44',NULL,NULL,'1','',NULL,'1','<p>1</p>'),(25,'44',NULL,NULL,'3','',NULL,'3','<p>3</p>'),(26,'47',NULL,NULL,'蓝色','',NULL,'1',''),(27,'47',NULL,NULL,'白色','',NULL,'2',''),(28,'47',NULL,NULL,'紫色','',NULL,'3',''),(29,'47',NULL,NULL,'黄色','',NULL,'4',''),(30,'51',0,20,'结果1','',NULL,'1',''),(31,'51',20,30,'结果2','',NULL,'2',''),(32,'50',NULL,NULL,'小龙女','',NULL,'1','<p><span style=\"color: rgb(96, 96, 96); font-family: &#39;Microsoft YaHei&#39;, 微软雅黑; line-height: 28.8px; text-indent: 32px; white-space: normal;\"><img src=\"http://www.xiaojiaoluo.com/assets/umeditor/php/upload/20160130/14541274442008.png\" _src=\"http://www.xiaojiaoluo.com/assets/umeditor/php/upload/20160130/14541274442008.png\"/></span></p><p><span style=\"color: rgb(96, 96, 96); font-family: &#39;Microsoft YaHei&#39;, 微软雅黑; line-height: 28.8px; text-indent: 32px; white-space: normal;\">你是内热外冷，清纯善良的人。性格较自我、内向，面对自己喜欢的事请，会全心去关注。虽不用言语直接说明，但会以行动不经意地流露爱意，在内心的澎湃热情之中还带点沉稳。大家和这样的你相处会有一种安心的感觉。</span></p>'),(33,'50',NULL,NULL,'郭靖','',NULL,'2','<p><span style=\"color: rgb(96, 96, 96); font-family: &#39;Microsoft YaHei&#39;, 微软雅黑; line-height: 28.8px; text-indent: 32px; white-space: normal;\"><img src=\"http://www.xiaojiaoluo.com/assets/umeditor/php/upload/20160130/14541274822694.png\" _src=\"http://www.xiaojiaoluo.com/assets/umeditor/php/upload/20160130/14541274822694.png\"/></span></p><p><span style=\"color: rgb(96, 96, 96); font-family: &#39;Microsoft YaHei&#39;, 微软雅黑; line-height: 28.8px; text-indent: 32px; white-space: normal;\">你属于喜欢照顾别人的好好人类型，容易信任别人，是个温和体贴的对象。做人很有原则，没有什么心计，很容易与人接近，这种亲和力正是你的魅力所在。</span></p>'),(34,'50',NULL,NULL,'郭芙','',NULL,'3','<p><img src=\"http://www.xiaojiaoluo.com/assets/umeditor/php/upload/20160130/14541275872536.png\" _src=\"http://www.xiaojiaoluo.com/assets/umeditor/php/upload/20160130/14541275872536.png\"/></p><p>在喜欢的人面前常常无法表达出自己的本意，事后又抱怨不已。不过在朋友面前，你会耍耍赖、主动和人交好，主动与人聊天，因此朋友不少。只要能从失败中累积经验，极有可能成为大受欢迎的人。</p>'),(35,'50',NULL,NULL,'杨过','',NULL,'4','<p>你个性执着，敢爱敢恨，比较有个人魅力，很有想法。对爱情比较专一，对自己认定的人会努力的守候在TA身旁。虽然可能会不敢明明白白作出爱的告白，但专情的你，若遇到恋人的背叛，会尽全力去挽回，受压力愈大反弹愈大，是很难服输的人。</p>'),(36,'50',NULL,NULL,'小昭','',NULL,'5','<p><img src=\"http://www.xiaojiaoluo.com/assets/umeditor/php/upload/20160130/14541276861300.png\" _src=\"http://www.xiaojiaoluo.com/assets/umeditor/php/upload/20160130/14541276861300.png\"/></p><p>你像小昭一样给人一种邻家的感觉，你有一颗温柔的心，而且你并不自私，对爱情非常的专一。只希望默默守护在心爱人的左右，而不愿吸引全世界的目光。</p>'),(37,'50',NULL,NULL,'赵敏','',NULL,'6','<p><img src=\"http://www.xiaojiaoluo.com/assets/umeditor/php/upload/20160130/14541277386920.png\" _src=\"http://www.xiaojiaoluo.com/assets/umeditor/php/upload/20160130/14541277386920.png\"/></p><p>你是一个比较倔强的人，和赵敏一样是一个坚强的人，敢爱敢恨，主动豪爽。而且你很机智，并不认为有心计是什么不好的品质。但是遇上真爱，你可以为自己的爱情付出一切。</p>'),(38,'50',NULL,NULL,'黄蓉','',NULL,'7','<p><img src=\"http://www.xiaojiaoluo.com/assets/umeditor/php/upload/20160130/14541278202048.png\" _src=\"http://www.xiaojiaoluo.com/assets/umeditor/php/upload/20160130/14541278202048.png\"/></p><p>你机敏聪慧，足智多谋，身边有朋友愿意默默守护着你。你很有正义感，当朋友面对困难或者被欺负的时候，你都敢于指出善恶，也肯在所有人面前说明实情，的确有大侠的风范。</p>'),(39,'50',NULL,NULL,'建宁公主','',NULL,'8','<p><img src=\"http://www.xiaojiaoluo.com/assets/umeditor/php/upload/20160130/14541278883797.png\" _src=\"http://www.xiaojiaoluo.com/assets/umeditor/php/upload/20160130/14541278883797.png\"/></p><p>你就像建宁公主一样有时比较任性，可实际上却天真得像个孩子，说话比较直接。为了得到爱人，你会放下身段，宁可做心爱的人的第N任。你为自己向往的爱情时刻努力着，路途荆棘密布都不会停下。</p>'),(40,'59',NULL,NULL,'1','',NULL,'1',''),(41,'59',NULL,NULL,'2','',NULL,'2',''),(42,'54',0,9,'牡丹','result/20160122104341657.jpg',NULL,'1','<p><span id=\"_baidu_bookmark_start_1\" style=\"display: none; line-height: 0px;\">‍</span><span id=\"_baidu_bookmark_start_3\" style=\"display: none; line-height: 0px;\">‍</span></p><p><span style=\"color: rgb(96, 96, 96); font-family: &#39;Microsoft YaHei&#39;, 微软雅黑; line-height: 28.8px; text-indent: 32px; white-space: normal;\">牡丹自古就是富贵的象征，而你的身上也带有一种与生俱来的高贵气质。你凡事都追求完美，不管是对自己还是对他人要求都很高，有时会让人有种喘不过气的感觉。你能够畅所欲言的表达自己的观点，却很不善于表达自己的感情，所以你总给人一种高高在上的印象。你有很强的占有欲，从对财富和荣誉的热爱到对感情的贪婪。</span></p><p><span id=\"_baidu_bookmark_end_4\" style=\"display: none; line-height: 0px;\">‍</span><span id=\"_baidu_bookmark_end_2\" style=\"display: none; line-height: 0px;\">‍</span></p>'),(43,'54',10,19,'郁金香','result/20160122104351803.jpg',NULL,'2','<p><span id=\"_baidu_bookmark_start_5\" style=\"display: none; line-height: 0px;\">‍</span><span id=\"_baidu_bookmark_start_7\" style=\"display: none; line-height: 0px;\">‍</span><span id=\"_baidu_bookmark_start_1\" style=\"display: none; line-height: 0px;\">‍</span><span id=\"_baidu_bookmark_start_3\" style=\"display: none; line-height: 0px;\">‍</span></p><p><span style=\"color: rgb(96, 96, 96); font-family: &#39;Microsoft YaHei&#39;, 微软雅黑; line-height: 28.8px; text-indent: 32px; white-space: normal;\">郁金香天生柔韧、端庄。同样的，你也拥有巨大的生活潜能，绝不会为生活中的困难而折腰。你天生自命不凡，想要获得你的认可是件很难的事。你总像一个谜一般，很少有人能够真正明白你的内心世界。只有一点是显而易见的，你的心中对理想的追求是坚定的，这个永不磨灭的信念会带给你巨大的力量，战胜一切的磨难。</span></p><p><span id=\"_baidu_bookmark_end_8\" style=\"display: none; line-height: 0px;\">‍</span><span id=\"_baidu_bookmark_end_6\" style=\"display: none; line-height: 0px;\">‍</span><span id=\"_baidu_bookmark_end_4\" style=\"display: none; line-height: 0px;\">‍</span><span id=\"_baidu_bookmark_end_2\" style=\"display: none; line-height: 0px;\">‍</span></p>'),(44,'54',20,29,'兰花','result/20160122104617318.jpg',NULL,'3','<p><span id=\"_baidu_bookmark_start_1\" style=\"display: none; line-height: 0px;\">‍</span><span id=\"_baidu_bookmark_start_3\" style=\"display: none; line-height: 0px;\">‍</span></p><p><span style=\"color: rgb(96, 96, 96); font-family: &#39;Microsoft YaHei&#39;, 微软雅黑; line-height: 28.8px; text-indent: 32px; white-space: normal;\">和兰花一样，你天生具有一种脱俗的气质。你通常给人感觉很复杂、古怪，说话做事总显得与常人格格不入。你喜欢过与众不同的生活，你最接受不了的，就是和很多人在同一个地方做相同的事，你觉得那种无趣的生活会让你窒息。你对当下的生活感到很不满，只有通过一些不寻常的手段获得满足。</span></p><p><span id=\"_baidu_bookmark_end_4\" style=\"display: none; line-height: 0px;\">‍</span><span id=\"_baidu_bookmark_end_2\" style=\"display: none; line-height: 0px;\">‍</span></p>'),(45,'54',30,39,'石竹','result/201601221047484781.jpg',NULL,'4','<p><span style=\"color: rgb(96, 96, 96); font-family: &#39;Microsoft YaHei&#39;, 微软雅黑; line-height: 28.8px; text-indent: 32px; white-space: normal;\">石竹的身上具有一种隐性的魅力，深藏不漏。同样的，你也是一个很内秀的人，别人可能看不出来，但你实际上很具有外交手腕，能够巧妙地隐藏自己的实质，是一个天生的外交家，还很可能是个大阴谋家。你看上去谦恭，随和，但其实很执着，就算是天大的过错，除非自己想通，否则一旦决定，就决不会轻易改变。</span></p>'),(46,'92',NULL,NULL,'独特的生活哲学','result/20160118041724787.jpg',NULL,'1','<span id=\"_baidu_bookmark_start_5\" style=\"display: none; line-height: 0px;\">‍</span><span id=\"_baidu_bookmark_start_7\" style=\"display: none; line-height: 0px;\">‍</span><span id=\"_baidu_bookmark_start_1\" style=\"display: none; line-height: 0px;\">‍</span><span id=\"_baidu_bookmark_start_3\" style=\"display: none; line-height: 0px;\">‍</span><p><span style=\"color: rgb(96, 96, 96); font-family: &#39;Microsoft YaHei&#39;, 微软雅黑; line-height: 28.8px; text-indent: 32px; white-space: normal;\">你看起来颇严肃的，好像是那种过着一成不变生活的修行者，其实只是你自有一套独特的生活哲学而已。有时朋友或同事们，会惊讶于你突然发作的幽默与搞笑，其实只要碰到与你对盘的人，你也会是一个健谈、乐于与人分享的人。</span></p><span id=\"_baidu_bookmark_end_8\" style=\"display: none; line-height: 0px;\">‍</span><span id=\"_baidu_bookmark_end_6\" style=\"display: none; line-height: 0px;\">‍</span><span id=\"_baidu_bookmark_end_4\" style=\"display: none; line-height: 0px;\">‍</span><span id=\"_baidu_bookmark_end_2\" style=\"display: none; line-height: 0px;\">‍</span>'),(47,'92',NULL,NULL,'开心果','result/20160118041819176.jpg',NULL,'2','<p><span style=\"color: rgb(96, 96, 96); font-family: &#39;Microsoft YaHei&#39;, 微软雅黑; line-height: 28.8px; text-indent: 32px; white-space: normal;\">你是个百分百闷骚的人，在上司或长辈面前，总是一副正经八百的样子，一副乖乖牌的形象，其实在同事或朋友之间可是大家的开心果，有什么康乐或联谊的活动其幕后的推手大多都是你，因此你外在的形象与内在的个性，简直是判若两人。如果有一天跟你不熟的人看到你的本性时，肯定会大吃一惊的。</span></p>'),(48,'92',NULL,NULL,'会想很多','result/20160118041835761.jpg',NULL,'3','<p><span style=\"color: rgb(96, 96, 96); font-family: &#39;Microsoft YaHei&#39;, 微软雅黑; line-height: 28.8px; text-indent: 32px; white-space: normal;\">给大家的感觉就像阳光一般，似乎没有什么烦恼，一直都很快乐的样子。不过了解你的人都知道，其实你不是那种会将心事挂在嘴边或表现在脸上的人，私底下的你，是会想很多且对别人的看法相当在意的人，所以你会觉得自己的人格快分裂了。</span></p>'),(49,'92',NULL,NULL,'固执与保守','result/201601180417583901.jpg',NULL,'4','<p><span style=\"color: rgb(96, 96, 96); font-family: &#39;Microsoft YaHei&#39;, 微软雅黑; line-height: 28.8px; text-indent: 32px; white-space: normal;\">平常的你是好好先生、好好小姐的模样，但其实你的个性上是偏向固执与保守的，只是你平常在与朋友或同事互动时，比较不那么坚持，但在某些事情上又会变得比较固执保守，甚至到了令人难以理解的地步。</span></p>'),(50,'94',NULL,NULL,'橡皮糖','result/20160116025524420.jpg',NULL,'1','<p><span style=\"color: rgb(96, 96, 96); font-family: &#39;Microsoft YaHei&#39;, 微软雅黑; line-height: 28.8px; text-indent: 32px; white-space: normal;\">你是一个执着追求高品质生活的人，无论外面的世界如何变化，你依旧按照心中的规划前进着，勾勒自己心中的理想生活，为之风雨兼程无怨无悔。你很像糖果中的橡皮糖，永远是不变应万变的矜持姿态屹立，即使外力牵扯你，也丝毫不乱方寸，你的脚步、你的人生由你说的算。</span></p>'),(51,'94',NULL,NULL,'棒棒糖','result/20160116025535884.jpg',NULL,'2','<p><span style=\"color: rgb(96, 96, 96); font-family: &#39;Microsoft YaHei&#39;, 微软雅黑; line-height: 28.8px; text-indent: 32px; white-space: normal;\">创意个性这类的词属于你这类自娱自乐，拥有奇思妙想的人，你像棒棒糖一样独特，喜欢不一样的装扮和事物，敢于去尝试新的东西，能在全然陌生的环境中乐悠悠地观察别人。棒棒糖的特别在于拥有别的糖果没有的魔法棍，你的特别在于拥有一颗猫一样好奇的心探索已知和未知的世界。</span></p>'),(52,'94',NULL,NULL,'棉花糖','result/20160116025840918.jpg',NULL,'3','<p><span style=\"color: rgb(96, 96, 96); font-family: &#39;Microsoft YaHei&#39;, 微软雅黑; line-height: 28.8px; text-indent: 32px; white-space: normal;\">棉花糖最特别的地方是柔软中有厚重感，轻飘飘的柔软让大家爱不释手。你就是看起来朴实，像棉花糖一样不够引人注目的人，但是跟你相处之后就会发现你拥有深厚的底蕴，有理想经得起等待和磨砺的家伙，像棉花糖的韧劲越嚼越有味道。你和棉花糖是本家，不显张扬，回味悠长。</span></p>'),(53,'94',NULL,NULL,'酒心糖','result/20160116030023641.jpg',NULL,'4','<p><span style=\"color: rgb(96, 96, 96); font-family: &#39;Microsoft YaHei&#39;, 微软雅黑; line-height: 28.8px; text-indent: 32px; white-space: normal;\">你是别人眼中有点危险又有诱惑力的家伙，就像糖果中的酒心糖有巧克力的诱惑力和酒的沉醉感。这样的双重组合有点矛盾又有点巧妙，你就是这样矛盾又有张力的人。你不爱游戏人间却又以游戏的姿态出现，你内心时常会有些伤感却爱装成酷酷的样子，这样的你就是别人眼中的酒心糖，让人心醉让人心碎。</span></p>'),(54,'96',NULL,NULL,'恭喜你！面试通过。','result/jieguoweixin.jpg',NULL,'1','你太适合当产品经理了，你的能力可以去微信上班了。'),(55,'96',NULL,NULL,'很遗憾，算了吧','result/shibai.jpg',NULL,'2','<p>你的能力还不错，可惜不听摇滚乐的人张小龙是不要的。。</p>'),(56,'96',NULL,NULL,'没读过《失控》的人没法交流','result/shibai1.jpg',NULL,'3','<p>凯文凯利《失控》都没读过，以后怎么交流沟通。</p>'),(57,'96',NULL,NULL,'别听别人瞎说“人人都是产品经理”','result/shibai2.jpg',NULL,'4','<p>小盆友，还需要多多锻炼啊，产品经理不是人人都能当的。</p>'),(58,'101',NULL,NULL,'结论1','',NULL,'1',''),(59,'101',NULL,NULL,'结论2','',NULL,'2',''),(60,'101',NULL,NULL,'结论3','',NULL,'3',''),(61,'96',NULL,NULL,'没去过东莞，不接地气的产品不要','result/屏幕快照_2016-02-01_下午5_35_35.jpg',NULL,'5','<p>东莞是一定要去的，不了解用户需求，怎么做产品？</p>'),(62,'110',NULL,NULL,'你上辈子一定姓乔','result/b22f26d52d534c87060491415c43e795.jpg',NULL,'1','<p>真果粉啊！</p>'),(63,'110',NULL,NULL,'你是只爱苹果美貌的土豪','result/屏幕快照_2016-02-01_下午8_55_05.jpg',NULL,'2','<p>土豪！</p>'),(64,'115',50,100,'轻度果粉','result/b22f26d52d534c87060491415c43e7951.jpg',NULL,'1','<p>你是轻度果粉，想要成为骨灰级果粉还要走很长的路，也许你可以尝试熬夜排队购买苹果新产品</p>'),(65,'115',100,150,'你是重度果粉','result/8d562a985eb492a7538f835b5c734ee62.jpg',NULL,'2','你是重度果粉，你可以尝试改名或者获得苹果车牌照。'),(66,'115',150,250,'你已经是重度果粉','result/8d562a985eb492a7538f835b5c734ee63.jpg',NULL,'3','你已经是重度果粉，你可以尝试纹身。'),(67,'115',250,0,'绝对的骨灰级果粉','result/8d562a985eb492a7538f835b5c734ee64.jpg',NULL,'4','<p>恭喜你，绝对的骨灰级果粉，你可以将名字改为Steve Mac，搬家到Cupertino等，也可以尝试收集股东Mac，打扮成iPhone等。</p>'),(68,'127',NULL,NULL,'败家指数：5星','result/a1.jpg',NULL,'1','恭喜你！成为史上无敌的败家第一人气王！不管是什么流行讯息，还是最近又出了什么新的款式，甚至旅游该去哪里，哪家店的美食比较好吃，通通问你准没错！人生就该及时行乐，你消费并没错，可是也得小心别让自己成为负债一族喔。'),(69,'127',NULL,NULL,'败家指数：4星','result/a2.jpg',NULL,'2','你也不是有坚定信念的家伙，看到喜欢的东西总忍不住想买的冲动！只是你习惯先掂掂荷包，看看自己是否有钱。所以你充其量只可能变成月光一族。如果是孤家寡人一个，想怎样生活当然掌控在你手里，一旦结婚后就要趁早改掉这坏习惯喔。'),(70,'127',NULL,NULL,'败家指数：3星','result/a3.jpg',NULL,'3','与其说你败家，还不如说你懂得投资，很懂得把每一分钱花在刀刃上，买到的东西总是物廉价美、耐用持久。观念投资使得你面子也有了，里子也有了（也有存到钱）。你大概也最讨厌朋友开口借钱，有事没事就准备个委婉拒绝的理由，才不怕到时得罪人。'),(71,'127',NULL,NULL,'败家指数：2星','result/a4.jpg',NULL,'4','说你败家，那真是侮辱了你这位坚持传统储蓄节俭美德的“圣人”。在古代你可能备受称扬，可是在社会多元的今天却可能被当成食古不化的守财奴。投资自己的外表是一种礼貌，你也可以投资自己的内在（例如买书）来累积实力，这样钱财才会越来越多。'),(72,'143',NULL,NULL,'八卦王','result/a11.jpg',NULL,'1','你对人总是有点距离，最不喜欢自己隐私的事情被别人知道，所以你最讨厌的就是那种八卦的大嘴巴。你真心交朋友的时候会讲很多自己内心的真心话，但是有人却十分八卦，偏偏就把这些事情说出去了。不管对方是故意还是无意，都能惹起你一肚子无名火，心里自然会产生芥蒂，因而你跟八卦王最合不来。'),(73,'143',NULL,NULL,'做作者','result/a21.jpg',NULL,'2','你是一个很直接很率真的人，一条肠子通到底，你最讨厌的类型就是一肚子诡计又要装天真单纯样子的人。你看不惯对方那种惺惺作态、人前人后两个样的样子，你会直接就把不满说出口，这样一来，你就很容易和那些小肚鸡肠的人结下梁子了。'),(74,'143',NULL,NULL,'小气鬼','result/a31.jpg',NULL,'3','你是一个很喜欢开玩笑的人，对谁都比较自来熟，大大咧咧的你没想过有一些人会如此小气，三两句的玩笑就会翻脸。对于这种人，你会觉得自己很委屈，明明开的是无伤大雅的玩笑，但是对方却要挑自己的语病，把玩笑过分认真对待。对于这样的人，你是理都不想理的。'),(75,'143',NULL,NULL,'虚荣者','result/a41.jpg',NULL,'4','你是一个很随和很善良的人，对每一个朋友都愿意以真心对待，你最看不过眼的就是那种虚荣而目无一切的人。傲慢而看不起人的举动会让你觉得很困惑，为何对方要胡乱吹嘘、标榜名牌来自抬身价，做一个普普通通、平平凡凡快乐的人有什么不好呢？\n'),(76,'154',NULL,NULL,'艳遇指数：50%','result/20160106024855721.jpg',NULL,'1','不知道是不是因为对爱情不再抱着期待，觉得遇到不合适的人，简直是浪费时间，何必如此呢？而且如果对一段恋情没有百分之百的把握成功，你觉得也是宁缺毋滥的。在2016年里，你的艳遇指数并不会太高。'),(77,'154',NULL,NULL,'艳遇指数：80%','result/20160106024906566.jpg',NULL,'2','在2016年里，你的艳遇指数还是挺高的，不管你是单身或有另一半，你都会有很多的桃花出现，那是因为你很懂得表现自己，如果你是单身，别忘了这段时间好好打扮一下自己，多多点去参加朋友的聚会，都有可能会遇到心仪的人，或者对你一见倾心的人！'),(78,'154',NULL,NULL,'艳遇指数：20%','result/20160106024917705.jpg',NULL,'3','<p>表面上，你看起来是一个给人冷漠而难以亲近感觉，事实上你心中还是渴望爱情，期待爱情的。可是你真的不是那种会表现自己的人，能与自己擦出火花的人都是熟悉了你的人，了解了你的人，那种莫名的艳遇就自然而然地少了。毕竟你实在不是那么容易亲近的嘛。</p>'),(79,'154',NULL,NULL,'艳遇指数：60%','result/20160106024936213.jpg',NULL,'4','尽管对爱情，有一些失望，也有一些害怕，担心自己再次受到伤害，然而，你心中依然对浪漫爱情有一定的向往！在遇见喜欢的人的时候，你可能会有一些小小的胆怯，但是你还是会鼓足勇气前行的。在2016年里，你的艳遇还是会蛮多的，至于值得不值得你向前行进，则需要好好考虑');
/*!40000 ALTER TABLE `result` ENABLE KEYS */;
UNLOCK TABLES;

--
-- Table structure for table `users`
--

DROP TABLE IF EXISTS `users`;
/*!40101 SET @saved_cs_client     = @@character_set_client */;
/*!40101 SET character_set_client = utf8 */;
CREATE TABLE `users` (
  `id` int(11) unsigned NOT NULL AUTO_INCREMENT,
  `ip_address` varchar(15) NOT NULL,
  `username` varchar(100) NOT NULL,
  `password` varchar(255) NOT NULL,
  `salt` varchar(255) DEFAULT NULL,
  `email` varchar(100) NOT NULL,
  `activation_code` varchar(40) DEFAULT NULL,
  `forgotten_password_code` varchar(40) DEFAULT NULL,
  `forgotten_password_time` int(11) unsigned DEFAULT NULL,
  `remember_code` varchar(40) DEFAULT NULL,
  `created_on` int(11) unsigned NOT NULL,
  `last_login` int(11) unsigned DEFAULT NULL,
  `active` tinyint(1) unsigned DEFAULT NULL,
  `first_name` varchar(50) DEFAULT NULL,
  `last_name` varchar(50) DEFAULT NULL,
  `company` varchar(100) DEFAULT NULL,
  `phone` varchar(20) DEFAULT NULL,
  PRIMARY KEY (`id`)
) ENGINE=InnoDB AUTO_INCREMENT=2 DEFAULT CHARSET=utf8;
/*!40101 SET character_set_client = @saved_cs_client */;

--
-- Dumping data for table `users`
--

LOCK TABLES `users` WRITE;
/*!40000 ALTER TABLE `users` DISABLE KEYS */;
INSERT INTO `users` VALUES (1,'127.0.0.1','administrator','$2a$08$YYRKgcQuhNUplYQOT0VJpuw1yz0wyQlADmDErGGWgA6jJ.8rnjXRi','','admin@admin.com','',NULL,NULL,'tWpZbz5nYh44Wi6l3uwne.',1268889823,1454483266,1,'管理','员','ADMIN','18612423708');
/*!40000 ALTER TABLE `users` ENABLE KEYS */;
UNLOCK TABLES;

--
-- Table structure for table `users_groups`
--

DROP TABLE IF EXISTS `users_groups`;
/*!40101 SET @saved_cs_client     = @@character_set_client */;
/*!40101 SET character_set_client = utf8 */;
CREATE TABLE `users_groups` (
  `id` int(11) unsigned NOT NULL AUTO_INCREMENT,
  `user_id` int(11) unsigned NOT NULL,
  `group_id` mediumint(8) unsigned NOT NULL,
  PRIMARY KEY (`id`),
  UNIQUE KEY `uc_users_groups` (`user_id`,`group_id`),
  KEY `fk_users_groups_users1_idx` (`user_id`),
  KEY `fk_users_groups_groups1_idx` (`group_id`),
  CONSTRAINT `fk_users_groups_groups1` FOREIGN KEY (`group_id`) REFERENCES `groups` (`id`) ON DELETE CASCADE ON UPDATE NO ACTION,
  CONSTRAINT `fk_users_groups_users1` FOREIGN KEY (`user_id`) REFERENCES `users` (`id`) ON DELETE CASCADE ON UPDATE NO ACTION
) ENGINE=InnoDB AUTO_INCREMENT=3 DEFAULT CHARSET=utf8;
/*!40101 SET character_set_client = @saved_cs_client */;

--
-- Dumping data for table `users_groups`
--

LOCK TABLES `users_groups` WRITE;
/*!40000 ALTER TABLE `users_groups` DISABLE KEYS */;
INSERT INTO `users_groups` VALUES (2,1,1);
/*!40000 ALTER TABLE `users_groups` ENABLE KEYS */;
UNLOCK TABLES;
/*!40103 SET TIME_ZONE=@OLD_TIME_ZONE */;

/*!40101 SET SQL_MODE=@OLD_SQL_MODE */;
/*!40014 SET FOREIGN_KEY_CHECKS=@OLD_FOREIGN_KEY_CHECKS */;
/*!40014 SET UNIQUE_CHECKS=@OLD_UNIQUE_CHECKS */;
/*!40101 SET CHARACTER_SET_CLIENT=@OLD_CHARACTER_SET_CLIENT */;
/*!40101 SET CHARACTER_SET_RESULTS=@OLD_CHARACTER_SET_RESULTS */;
/*!40101 SET COLLATION_CONNECTION=@OLD_COLLATION_CONNECTION */;
/*!40111 SET SQL_NOTES=@OLD_SQL_NOTES */;

-- Dump completed on 2016-02-03 16:35:55
